

DROP TABLE IF EXISTS `customer_address_entity`;
CREATE TABLE `customer_address_entity` (
  `entity_id` int(10) unsigned NOT NULL AUTO_INCREMENT COMMENT 'Entity Id',
  `entity_type_id` smallint(5) unsigned NOT NULL DEFAULT '0' COMMENT 'Entity Type Id',
  `attribute_set_id` smallint(5) unsigned NOT NULL DEFAULT '0' COMMENT 'Attribute Set Id',
  `increment_id` varchar(50) DEFAULT NULL COMMENT 'Increment Id',
  `parent_id` int(10) unsigned DEFAULT NULL COMMENT 'Parent Id',
  `created_at` timestamp NOT NULL DEFAULT CURRENT_TIMESTAMP ON UPDATE CURRENT_TIMESTAMP COMMENT 'Created At',
  `updated_at` timestamp NOT NULL DEFAULT '0000-00-00 00:00:00' COMMENT 'Updated At',
  `is_active` smallint(5) unsigned NOT NULL DEFAULT '1' COMMENT 'Is Active',
  PRIMARY KEY (`entity_id`),
  KEY `IDX_CUSTOMER_ADDRESS_ENTITY_PARENT_ID` (`parent_id`),
  CONSTRAINT `FK_CUSTOMER_ADDRESS_ENTITY_PARENT_ID_CUSTOMER_ENTITY_ENTITY_ID` FOREIGN KEY (`parent_id`) REFERENCES `customer_entity` (`entity_id`) ON DELETE CASCADE ON UPDATE CASCADE
) ENGINE=InnoDB DEFAULT CHARSET=utf8 COMMENT='Customer Address Entity';

INSERT INTO `customer_address_entity` (`entity_id`, `entity_type_id`, `attribute_set_id`, `increment_id`, `parent_id`, `created_at`, `updated_at`, `is_active`) VALUES
(1,	2,	0,	NULL,	1,	'2013-10-27 22:28:11',	'2013-10-27 22:51:04',	1);

DROP TABLE IF EXISTS `customer_address_entity_int`;
CREATE TABLE `customer_address_entity_int` (
  `value_id` int(11) NOT NULL AUTO_INCREMENT COMMENT 'Value Id',
  `entity_type_id` smallint(5) unsigned NOT NULL DEFAULT '0' COMMENT 'Entity Type Id',
  `attribute_id` smallint(5) unsigned NOT NULL DEFAULT '0' COMMENT 'Attribute Id',
  `entity_id` int(10) unsigned NOT NULL DEFAULT '0' COMMENT 'Entity Id',
  `value` int(11) NOT NULL DEFAULT '0' COMMENT 'Value',
  PRIMARY KEY (`value_id`),
  UNIQUE KEY `UNQ_CUSTOMER_ADDRESS_ENTITY_INT_ENTITY_ID_ATTRIBUTE_ID` (`entity_id`,`attribute_id`),
  KEY `IDX_CUSTOMER_ADDRESS_ENTITY_INT_ENTITY_TYPE_ID` (`entity_type_id`),
  KEY `IDX_CUSTOMER_ADDRESS_ENTITY_INT_ATTRIBUTE_ID` (`attribute_id`),
  KEY `IDX_CUSTOMER_ADDRESS_ENTITY_INT_ENTITY_ID` (`entity_id`),
  KEY `IDX_CUSTOMER_ADDRESS_ENTITY_INT_ENTITY_ID_ATTRIBUTE_ID_VALUE` (`entity_id`,`attribute_id`,`value`),
  CONSTRAINT `FK_CSTR_ADDR_ENTT_INT_ATTR_ID_EAV_ATTR_ATTR_ID` FOREIGN KEY (`attribute_id`) REFERENCES `eav_attribute` (`attribute_id`) ON DELETE CASCADE ON UPDATE CASCADE,
  CONSTRAINT `FK_CSTR_ADDR_ENTT_INT_ENTT_ID_CSTR_ADDR_ENTT_ENTT_ID` FOREIGN KEY (`entity_id`) REFERENCES `customer_address_entity` (`entity_id`) ON DELETE CASCADE ON UPDATE CASCADE,
  CONSTRAINT `FK_CSTR_ADDR_ENTT_INT_ENTT_TYPE_ID_EAV_ENTT_TYPE_ENTT_TYPE_ID` FOREIGN KEY (`entity_type_id`) REFERENCES `eav_entity_type` (`entity_type_id`) ON DELETE CASCADE ON UPDATE CASCADE
) ENGINE=InnoDB DEFAULT CHARSET=utf8 COMMENT='Customer Address Entity Int';

INSERT INTO `customer_address_entity_int` (`value_id`, `entity_type_id`, `attribute_id`, `entity_id`, `value`) VALUES
(1,	2,	29,	1,	22);

DROP TABLE IF EXISTS `customer_address_entity_text`;
CREATE TABLE `customer_address_entity_text` (
  `value_id` int(11) NOT NULL AUTO_INCREMENT COMMENT 'Value Id',
  `entity_type_id` smallint(5) unsigned NOT NULL DEFAULT '0' COMMENT 'Entity Type Id',
  `attribute_id` smallint(5) unsigned NOT NULL DEFAULT '0' COMMENT 'Attribute Id',
  `entity_id` int(10) unsigned NOT NULL DEFAULT '0' COMMENT 'Entity Id',
  `value` text NOT NULL COMMENT 'Value',
  PRIMARY KEY (`value_id`),
  UNIQUE KEY `UNQ_CUSTOMER_ADDRESS_ENTITY_TEXT_ENTITY_ID_ATTRIBUTE_ID` (`entity_id`,`attribute_id`),
  KEY `IDX_CUSTOMER_ADDRESS_ENTITY_TEXT_ENTITY_TYPE_ID` (`entity_type_id`),
  KEY `IDX_CUSTOMER_ADDRESS_ENTITY_TEXT_ATTRIBUTE_ID` (`attribute_id`),
  KEY `IDX_CUSTOMER_ADDRESS_ENTITY_TEXT_ENTITY_ID` (`entity_id`),
  CONSTRAINT `FK_CSTR_ADDR_ENTT_TEXT_ATTR_ID_EAV_ATTR_ATTR_ID` FOREIGN KEY (`attribute_id`) REFERENCES `eav_attribute` (`attribute_id`) ON DELETE CASCADE ON UPDATE CASCADE,
  CONSTRAINT `FK_CSTR_ADDR_ENTT_TEXT_ENTT_ID_CSTR_ADDR_ENTT_ENTT_ID` FOREIGN KEY (`entity_id`) REFERENCES `customer_address_entity` (`entity_id`) ON DELETE CASCADE ON UPDATE CASCADE,
  CONSTRAINT `FK_CSTR_ADDR_ENTT_TEXT_ENTT_TYPE_ID_EAV_ENTT_TYPE_ENTT_TYPE_ID` FOREIGN KEY (`entity_type_id`) REFERENCES `eav_entity_type` (`entity_type_id`) ON DELETE CASCADE ON UPDATE CASCADE
) ENGINE=InnoDB DEFAULT CHARSET=utf8 COMMENT='Customer Address Entity Text';

INSERT INTO `customer_address_entity_text` (`value_id`, `entity_type_id`, `attribute_id`, `entity_id`, `value`) VALUES
(1,	2,	25,	1,	'1515 21st ave');

DROP TABLE IF EXISTS `customer_address_entity_varchar`;
CREATE TABLE `customer_address_entity_varchar` (
  `value_id` int(11) NOT NULL AUTO_INCREMENT COMMENT 'Value Id',
  `entity_type_id` smallint(5) unsigned NOT NULL DEFAULT '0' COMMENT 'Entity Type Id',
  `attribute_id` smallint(5) unsigned NOT NULL DEFAULT '0' COMMENT 'Attribute Id',
  `entity_id` int(10) unsigned NOT NULL DEFAULT '0' COMMENT 'Entity Id',
  `value` varchar(255) DEFAULT NULL COMMENT 'Value',
  PRIMARY KEY (`value_id`),
  UNIQUE KEY `UNQ_CUSTOMER_ADDRESS_ENTITY_VARCHAR_ENTITY_ID_ATTRIBUTE_ID` (`entity_id`,`attribute_id`),
  KEY `IDX_CUSTOMER_ADDRESS_ENTITY_VARCHAR_ENTITY_TYPE_ID` (`entity_type_id`),
  KEY `IDX_CUSTOMER_ADDRESS_ENTITY_VARCHAR_ATTRIBUTE_ID` (`attribute_id`),
  KEY `IDX_CUSTOMER_ADDRESS_ENTITY_VARCHAR_ENTITY_ID` (`entity_id`),
  KEY `IDX_CUSTOMER_ADDRESS_ENTITY_VARCHAR_ENTITY_ID_ATTRIBUTE_ID_VALUE` (`entity_id`,`attribute_id`,`value`),
  CONSTRAINT `FK_CSTR_ADDR_ENTT_VCHR_ATTR_ID_EAV_ATTR_ATTR_ID` FOREIGN KEY (`attribute_id`) REFERENCES `eav_attribute` (`attribute_id`) ON DELETE CASCADE ON UPDATE CASCADE,
  CONSTRAINT `FK_CSTR_ADDR_ENTT_VCHR_ENTT_ID_CSTR_ADDR_ENTT_ENTT_ID` FOREIGN KEY (`entity_id`) REFERENCES `customer_address_entity` (`entity_id`) ON DELETE CASCADE ON UPDATE CASCADE,
  CONSTRAINT `FK_CSTR_ADDR_ENTT_VCHR_ENTT_TYPE_ID_EAV_ENTT_TYPE_ENTT_TYPE_ID` FOREIGN KEY (`entity_type_id`) REFERENCES `eav_entity_type` (`entity_type_id`) ON DELETE CASCADE ON UPDATE CASCADE
) ENGINE=InnoDB DEFAULT CHARSET=utf8 COMMENT='Customer Address Entity Varchar';

INSERT INTO `customer_address_entity_varchar` (`value_id`, `entity_type_id`, `attribute_id`, `entity_id`, `value`) VALUES
(1,	2,	19,	1,	NULL),
(2,	2,	20,	1,	'Jeremy'),
(3,	2,	21,	1,	'L'),
(4,	2,	22,	1,	'Bass'),
(5,	2,	23,	1,	'1515 21st ave'),
(6,	2,	24,	1,	NULL),
(7,	2,	26,	1,	'Lewiston'),
(8,	2,	27,	1,	'US'),
(9,	2,	28,	1,	'Idaho'),
(10,	2,	30,	1,	'83501'),
(11,	2,	31,	1,	'208-305-7407'),
(12,	2,	32,	1,	NULL),
(13,	2,	36,	1,	NULL);

DROP TABLE IF EXISTS `customer_eav_attribute`;
CREATE TABLE `customer_eav_attribute` (
  `attribute_id` smallint(5) unsigned NOT NULL COMMENT 'Attribute Id',
  `is_visible` smallint(5) unsigned NOT NULL DEFAULT '1' COMMENT 'Is Visible',
  `input_filter` varchar(255) DEFAULT NULL COMMENT 'Input Filter',
  `multiline_count` smallint(5) unsigned NOT NULL DEFAULT '1' COMMENT 'Multiline Count',
  `validate_rules` text COMMENT 'Validate Rules',
  `is_system` smallint(5) unsigned NOT NULL DEFAULT '0' COMMENT 'Is System',
  `sort_order` int(10) unsigned NOT NULL DEFAULT '0' COMMENT 'Sort Order',
  `data_model` varchar(255) DEFAULT NULL COMMENT 'Data Model',
  PRIMARY KEY (`attribute_id`),
  CONSTRAINT `FK_CSTR_EAV_ATTR_ATTR_ID_EAV_ATTR_ATTR_ID` FOREIGN KEY (`attribute_id`) REFERENCES `eav_attribute` (`attribute_id`) ON DELETE CASCADE ON UPDATE CASCADE
) ENGINE=InnoDB DEFAULT CHARSET=utf8 COMMENT='Customer Eav Attribute';

INSERT INTO `customer_eav_attribute` (`attribute_id`, `is_visible`, `input_filter`, `multiline_count`, `validate_rules`, `is_system`, `sort_order`, `data_model`) VALUES
(1,	1,	NULL,	0,	NULL,	1,	10,	NULL),
(2,	0,	NULL,	0,	NULL,	1,	0,	NULL),
(3,	1,	NULL,	0,	NULL,	1,	20,	NULL),
(4,	0,	NULL,	0,	NULL,	0,	30,	NULL),
(5,	1,	NULL,	0,	'a:2:{s:15:\"max_text_length\";i:255;s:15:\"min_text_length\";i:1;}',	1,	40,	NULL),
(6,	0,	NULL,	0,	NULL,	0,	50,	NULL),
(7,	1,	NULL,	0,	'a:2:{s:15:\"max_text_length\";i:255;s:15:\"min_text_length\";i:1;}',	1,	60,	NULL),
(8,	0,	NULL,	0,	NULL,	0,	70,	NULL),
(9,	1,	NULL,	0,	'a:1:{s:16:\"input_validation\";s:5:\"email\";}',	1,	80,	NULL),
(10,	1,	NULL,	0,	NULL,	1,	25,	NULL),
(11,	0,	'date',	0,	'a:1:{s:16:\"input_validation\";s:4:\"date\";}',	0,	90,	NULL),
(12,	0,	NULL,	0,	NULL,	1,	0,	NULL),
(13,	0,	NULL,	0,	NULL,	1,	0,	NULL),
(14,	0,	NULL,	0,	NULL,	1,	0,	NULL),
(15,	0,	NULL,	0,	'a:1:{s:15:\"max_text_length\";i:255;}',	0,	100,	NULL),
(16,	0,	NULL,	0,	NULL,	1,	0,	NULL),
(17,	0,	NULL,	0,	NULL,	0,	0,	NULL),
(18,	0,	NULL,	0,	'a:0:{}',	0,	110,	NULL),
(19,	0,	NULL,	0,	NULL,	0,	10,	NULL),
(20,	1,	NULL,	0,	'a:2:{s:15:\"max_text_length\";i:255;s:15:\"min_text_length\";i:1;}',	1,	20,	NULL),
(21,	0,	NULL,	0,	NULL,	0,	30,	NULL),
(22,	1,	NULL,	0,	'a:2:{s:15:\"max_text_length\";i:255;s:15:\"min_text_length\";i:1;}',	1,	40,	NULL),
(23,	0,	NULL,	0,	NULL,	0,	50,	NULL),
(24,	1,	NULL,	0,	'a:2:{s:15:\"max_text_length\";i:255;s:15:\"min_text_length\";i:1;}',	1,	60,	NULL),
(25,	1,	NULL,	2,	'a:2:{s:15:\"max_text_length\";i:255;s:15:\"min_text_length\";i:1;}',	1,	70,	NULL),
(26,	1,	NULL,	0,	'a:2:{s:15:\"max_text_length\";i:255;s:15:\"min_text_length\";i:1;}',	1,	80,	NULL),
(27,	1,	NULL,	0,	NULL,	1,	90,	NULL),
(28,	1,	NULL,	0,	NULL,	1,	100,	NULL),
(29,	1,	NULL,	0,	NULL,	1,	100,	NULL),
(30,	1,	NULL,	0,	'a:0:{}',	1,	110,	'customer/attribute_data_postcode'),
(31,	1,	NULL,	0,	'a:2:{s:15:\"max_text_length\";i:255;s:15:\"min_text_length\";i:1;}',	1,	120,	NULL),
(32,	1,	NULL,	0,	'a:2:{s:15:\"max_text_length\";i:255;s:15:\"min_text_length\";i:1;}',	1,	130,	NULL),
(33,	0,	NULL,	0,	NULL,	1,	0,	NULL),
(34,	0,	NULL,	0,	'a:1:{s:16:\"input_validation\";s:4:\"date\";}',	1,	0,	NULL),
(35,	1,	NULL,	0,	NULL,	1,	28,	NULL),
(36,	1,	NULL,	0,	NULL,	1,	140,	NULL),
(37,	0,	NULL,	0,	NULL,	1,	0,	NULL),
(38,	0,	NULL,	0,	NULL,	1,	0,	NULL),
(39,	0,	NULL,	0,	NULL,	1,	0,	NULL),
(40,	0,	NULL,	0,	NULL,	1,	0,	NULL);

DROP TABLE IF EXISTS `customer_entity`;
CREATE TABLE `customer_entity` (
  `entity_id` int(10) unsigned NOT NULL AUTO_INCREMENT COMMENT 'Entity Id',
  `entity_type_id` smallint(5) unsigned NOT NULL DEFAULT '0' COMMENT 'Entity Type Id',
  `attribute_set_id` smallint(5) unsigned NOT NULL DEFAULT '0' COMMENT 'Attribute Set Id',
  `website_id` smallint(5) unsigned DEFAULT NULL COMMENT 'Website Id',
  `email` varchar(255) DEFAULT NULL COMMENT 'Email',
  `group_id` smallint(5) unsigned NOT NULL DEFAULT '0' COMMENT 'Group Id',
  `increment_id` varchar(50) DEFAULT NULL COMMENT 'Increment Id',
  `store_id` smallint(5) unsigned DEFAULT '0' COMMENT 'Store Id',
  `created_at` timestamp NOT NULL DEFAULT CURRENT_TIMESTAMP ON UPDATE CURRENT_TIMESTAMP COMMENT 'Created At',
  `updated_at` timestamp NOT NULL DEFAULT '0000-00-00 00:00:00' COMMENT 'Updated At',
  `is_active` smallint(5) unsigned NOT NULL DEFAULT '1' COMMENT 'Is Active',
  `disable_auto_group_change` smallint(5) unsigned NOT NULL DEFAULT '0' COMMENT 'Disable automatic group change based on VAT ID',
  PRIMARY KEY (`entity_id`),
  KEY `IDX_CUSTOMER_ENTITY_STORE_ID` (`store_id`),
  KEY `IDX_CUSTOMER_ENTITY_ENTITY_TYPE_ID` (`entity_type_id`),
  KEY `IDX_CUSTOMER_ENTITY_EMAIL_WEBSITE_ID` (`email`,`website_id`),
  KEY `IDX_CUSTOMER_ENTITY_WEBSITE_ID` (`website_id`),
  CONSTRAINT `FK_CUSTOMER_ENTITY_STORE_ID_CORE_STORE_STORE_ID` FOREIGN KEY (`store_id`) REFERENCES `core_store` (`store_id`) ON DELETE SET NULL ON UPDATE CASCADE,
  CONSTRAINT `FK_CUSTOMER_ENTITY_WEBSITE_ID_CORE_WEBSITE_WEBSITE_ID` FOREIGN KEY (`website_id`) REFERENCES `core_website` (`website_id`) ON DELETE SET NULL ON UPDATE CASCADE
) ENGINE=InnoDB DEFAULT CHARSET=utf8 COMMENT='Customer Entity';

INSERT INTO `customer_entity` (`entity_id`, `entity_type_id`, `attribute_set_id`, `website_id`, `email`, `group_id`, `increment_id`, `store_id`, `created_at`, `updated_at`, `is_active`, `disable_auto_group_change`) VALUES
(1,	1,	0,	1,	'jeremybass@cableone.net',	1,	NULL,	0,	'2013-10-27 22:28:11',	'2013-10-27 22:51:04',	1,	0);

DROP TABLE IF EXISTS `customer_entity_datetime`;
CREATE TABLE `customer_entity_datetime` (
  `value_id` int(11) NOT NULL AUTO_INCREMENT COMMENT 'Value Id',
  `entity_type_id` smallint(5) unsigned NOT NULL DEFAULT '0' COMMENT 'Entity Type Id',
  `attribute_id` smallint(5) unsigned NOT NULL DEFAULT '0' COMMENT 'Attribute Id',
  `entity_id` int(10) unsigned NOT NULL DEFAULT '0' COMMENT 'Entity Id',
  `value` datetime NOT NULL DEFAULT '0000-00-00 00:00:00' COMMENT 'Value',
  PRIMARY KEY (`value_id`),
  UNIQUE KEY `UNQ_CUSTOMER_ENTITY_DATETIME_ENTITY_ID_ATTRIBUTE_ID` (`entity_id`,`attribute_id`),
  KEY `IDX_CUSTOMER_ENTITY_DATETIME_ENTITY_TYPE_ID` (`entity_type_id`),
  KEY `IDX_CUSTOMER_ENTITY_DATETIME_ATTRIBUTE_ID` (`attribute_id`),
  KEY `IDX_CUSTOMER_ENTITY_DATETIME_ENTITY_ID` (`entity_id`),
  KEY `IDX_CUSTOMER_ENTITY_DATETIME_ENTITY_ID_ATTRIBUTE_ID_VALUE` (`entity_id`,`attribute_id`,`value`),
  CONSTRAINT `FK_CSTR_ENTT_DTIME_ATTR_ID_EAV_ATTR_ATTR_ID` FOREIGN KEY (`attribute_id`) REFERENCES `eav_attribute` (`attribute_id`) ON DELETE CASCADE ON UPDATE CASCADE,
  CONSTRAINT `FK_CUSTOMER_ENTITY_DATETIME_ENTITY_ID_CUSTOMER_ENTITY_ENTITY_ID` FOREIGN KEY (`entity_id`) REFERENCES `customer_entity` (`entity_id`) ON DELETE CASCADE ON UPDATE CASCADE,
  CONSTRAINT `FK_CSTR_ENTT_DTIME_ENTT_TYPE_ID_EAV_ENTT_TYPE_ENTT_TYPE_ID` FOREIGN KEY (`entity_type_id`) REFERENCES `eav_entity_type` (`entity_type_id`) ON DELETE CASCADE ON UPDATE CASCADE
) ENGINE=InnoDB DEFAULT CHARSET=utf8 COMMENT='Customer Entity Datetime';

INSERT INTO `customer_entity_datetime` (`value_id`, `entity_type_id`, `attribute_id`, `entity_id`, `value`) VALUES
(1,	1,	11,	1,	'1982-03-17 00:00:00');

DROP TABLE IF EXISTS `customer_entity_int`;
CREATE TABLE `customer_entity_int` (
  `value_id` int(11) NOT NULL AUTO_INCREMENT COMMENT 'Value Id',
  `entity_type_id` smallint(5) unsigned NOT NULL DEFAULT '0' COMMENT 'Entity Type Id',
  `attribute_id` smallint(5) unsigned NOT NULL DEFAULT '0' COMMENT 'Attribute Id',
  `entity_id` int(10) unsigned NOT NULL DEFAULT '0' COMMENT 'Entity Id',
  `value` int(11) NOT NULL DEFAULT '0' COMMENT 'Value',
  PRIMARY KEY (`value_id`),
  UNIQUE KEY `UNQ_CUSTOMER_ENTITY_INT_ENTITY_ID_ATTRIBUTE_ID` (`entity_id`,`attribute_id`),
  KEY `IDX_CUSTOMER_ENTITY_INT_ENTITY_TYPE_ID` (`entity_type_id`),
  KEY `IDX_CUSTOMER_ENTITY_INT_ATTRIBUTE_ID` (`attribute_id`),
  KEY `IDX_CUSTOMER_ENTITY_INT_ENTITY_ID` (`entity_id`),
  KEY `IDX_CUSTOMER_ENTITY_INT_ENTITY_ID_ATTRIBUTE_ID_VALUE` (`entity_id`,`attribute_id`,`value`),
  CONSTRAINT `FK_CUSTOMER_ENTITY_INT_ATTRIBUTE_ID_EAV_ATTRIBUTE_ATTRIBUTE_ID` FOREIGN KEY (`attribute_id`) REFERENCES `eav_attribute` (`attribute_id`) ON DELETE CASCADE ON UPDATE CASCADE,
  CONSTRAINT `FK_CUSTOMER_ENTITY_INT_ENTITY_ID_CUSTOMER_ENTITY_ENTITY_ID` FOREIGN KEY (`entity_id`) REFERENCES `customer_entity` (`entity_id`) ON DELETE CASCADE ON UPDATE CASCADE,
  CONSTRAINT `FK_CSTR_ENTT_INT_ENTT_TYPE_ID_EAV_ENTT_TYPE_ENTT_TYPE_ID` FOREIGN KEY (`entity_type_id`) REFERENCES `eav_entity_type` (`entity_type_id`) ON DELETE CASCADE ON UPDATE CASCADE
) ENGINE=InnoDB DEFAULT CHARSET=utf8 COMMENT='Customer Entity Int';

INSERT INTO `customer_entity_int` (`value_id`, `entity_type_id`, `attribute_id`, `entity_id`, `value`) VALUES
(1,	1,	18,	1,	1),
(2,	1,	13,	1,	1),
(3,	1,	14,	1,	1);

DROP TABLE IF EXISTS `customer_entity_varchar`;
CREATE TABLE `customer_entity_varchar` (
  `value_id` int(11) NOT NULL AUTO_INCREMENT COMMENT 'Value Id',
  `entity_type_id` smallint(5) unsigned NOT NULL DEFAULT '0' COMMENT 'Entity Type Id',
  `attribute_id` smallint(5) unsigned NOT NULL DEFAULT '0' COMMENT 'Attribute Id',
  `entity_id` int(10) unsigned NOT NULL DEFAULT '0' COMMENT 'Entity Id',
  `value` varchar(255) DEFAULT NULL COMMENT 'Value',
  PRIMARY KEY (`value_id`),
  UNIQUE KEY `UNQ_CUSTOMER_ENTITY_VARCHAR_ENTITY_ID_ATTRIBUTE_ID` (`entity_id`,`attribute_id`),
  KEY `IDX_CUSTOMER_ENTITY_VARCHAR_ENTITY_TYPE_ID` (`entity_type_id`),
  KEY `IDX_CUSTOMER_ENTITY_VARCHAR_ATTRIBUTE_ID` (`attribute_id`),
  KEY `IDX_CUSTOMER_ENTITY_VARCHAR_ENTITY_ID` (`entity_id`),
  KEY `IDX_CUSTOMER_ENTITY_VARCHAR_ENTITY_ID_ATTRIBUTE_ID_VALUE` (`entity_id`,`attribute_id`,`value`),
  CONSTRAINT `FK_CSTR_ENTT_VCHR_ATTR_ID_EAV_ATTR_ATTR_ID` FOREIGN KEY (`attribute_id`) REFERENCES `eav_attribute` (`attribute_id`) ON DELETE CASCADE ON UPDATE CASCADE,
  CONSTRAINT `FK_CUSTOMER_ENTITY_VARCHAR_ENTITY_ID_CUSTOMER_ENTITY_ENTITY_ID` FOREIGN KEY (`entity_id`) REFERENCES `customer_entity` (`entity_id`) ON DELETE CASCADE ON UPDATE CASCADE,
  CONSTRAINT `FK_CSTR_ENTT_VCHR_ENTT_TYPE_ID_EAV_ENTT_TYPE_ENTT_TYPE_ID` FOREIGN KEY (`entity_type_id`) REFERENCES `eav_entity_type` (`entity_type_id`) ON DELETE CASCADE ON UPDATE CASCADE
) ENGINE=InnoDB DEFAULT CHARSET=utf8 COMMENT='Customer Entity Varchar';

INSERT INTO `customer_entity_varchar` (`value_id`, `entity_type_id`, `attribute_id`, `entity_id`, `value`) VALUES
(2,	1,	5,	1,	'Jeremy'),
(3,	1,	6,	1,	'L'),
(4,	1,	7,	1,	'Bass'),
(7,	1,	12,	1,	'e629b520f893796fba64670cc0a951ee:m3'),
(8,	1,	3,	1,	'Admin');

DROP TABLE IF EXISTS `customer_form_attribute`;
CREATE TABLE `customer_form_attribute` (
  `form_code` varchar(32) NOT NULL COMMENT 'Form Code',
  `attribute_id` smallint(5) unsigned NOT NULL COMMENT 'Attribute Id',
  PRIMARY KEY (`form_code`,`attribute_id`),
  KEY `IDX_CUSTOMER_FORM_ATTRIBUTE_ATTRIBUTE_ID` (`attribute_id`),
  CONSTRAINT `FK_CSTR_FORM_ATTR_ATTR_ID_EAV_ATTR_ATTR_ID` FOREIGN KEY (`attribute_id`) REFERENCES `eav_attribute` (`attribute_id`) ON DELETE CASCADE ON UPDATE CASCADE
) ENGINE=InnoDB DEFAULT CHARSET=utf8 COMMENT='Customer Form Attribute';

INSERT INTO `customer_form_attribute` (`form_code`, `attribute_id`) VALUES
('adminhtml_customer',	1),
('adminhtml_customer',	3),
('adminhtml_customer',	4),
('checkout_register',	4),
('customer_account_create',	4),
('customer_account_edit',	4),
('adminhtml_customer',	5),
('checkout_register',	5),
('customer_account_create',	5),
('customer_account_edit',	5),
('adminhtml_customer',	6),
('checkout_register',	6),
('customer_account_create',	6),
('customer_account_edit',	6),
('adminhtml_customer',	7),
('checkout_register',	7),
('customer_account_create',	7),
('customer_account_edit',	7),
('adminhtml_customer',	8),
('checkout_register',	8),
('customer_account_create',	8),
('customer_account_edit',	8),
('adminhtml_checkout',	9),
('adminhtml_customer',	9),
('checkout_register',	9),
('customer_account_create',	9),
('customer_account_edit',	9),
('adminhtml_checkout',	10),
('adminhtml_customer',	10),
('adminhtml_checkout',	11),
('adminhtml_customer',	11),
('checkout_register',	11),
('customer_account_create',	11),
('customer_account_edit',	11),
('adminhtml_checkout',	15),
('adminhtml_customer',	15),
('checkout_register',	15),
('customer_account_create',	15),
('customer_account_edit',	15),
('adminhtml_customer',	17),
('checkout_register',	17),
('customer_account_create',	17),
('customer_account_edit',	17),
('adminhtml_checkout',	18),
('adminhtml_customer',	18),
('checkout_register',	18),
('customer_account_create',	18),
('customer_account_edit',	18),
('adminhtml_customer_address',	19),
('customer_address_edit',	19),
('customer_register_address',	19),
('adminhtml_customer_address',	20),
('customer_address_edit',	20),
('customer_register_address',	20),
('adminhtml_customer_address',	21),
('customer_address_edit',	21),
('customer_register_address',	21),
('adminhtml_customer_address',	22),
('customer_address_edit',	22),
('customer_register_address',	22),
('adminhtml_customer_address',	23),
('customer_address_edit',	23),
('customer_register_address',	23),
('adminhtml_customer_address',	24),
('customer_address_edit',	24),
('customer_register_address',	24),
('adminhtml_customer_address',	25),
('customer_address_edit',	25),
('customer_register_address',	25),
('adminhtml_customer_address',	26),
('customer_address_edit',	26),
('customer_register_address',	26),
('adminhtml_customer_address',	27),
('customer_address_edit',	27),
('customer_register_address',	27),
('adminhtml_customer_address',	28),
('customer_address_edit',	28),
('customer_register_address',	28),
('adminhtml_customer_address',	29),
('customer_address_edit',	29),
('customer_register_address',	29),
('adminhtml_customer_address',	30),
('customer_address_edit',	30),
('customer_register_address',	30),
('adminhtml_customer_address',	31),
('customer_address_edit',	31),
('customer_register_address',	31),
('adminhtml_customer_address',	32),
('customer_address_edit',	32),
('customer_register_address',	32),
('adminhtml_customer',	35),
('adminhtml_customer_address',	36),
('customer_address_edit',	36),
('customer_register_address',	36);




DROP TABLE IF EXISTS `sales_flat_order`;
CREATE TABLE `sales_flat_order` (
  `entity_id` int(10) unsigned NOT NULL AUTO_INCREMENT COMMENT 'Entity Id',
  `state` varchar(32) DEFAULT NULL COMMENT 'State',
  `status` varchar(32) DEFAULT NULL COMMENT 'Status',
  `coupon_code` varchar(255) DEFAULT NULL COMMENT 'Coupon Code',
  `protect_code` varchar(255) DEFAULT NULL COMMENT 'Protect Code',
  `shipping_description` varchar(255) DEFAULT NULL COMMENT 'Shipping Description',
  `is_virtual` smallint(5) unsigned DEFAULT NULL COMMENT 'Is Virtual',
  `store_id` smallint(5) unsigned DEFAULT NULL COMMENT 'Store Id',
  `customer_id` int(10) unsigned DEFAULT NULL COMMENT 'Customer Id',
  `base_discount_amount` decimal(12,4) DEFAULT NULL COMMENT 'Base Discount Amount',
  `base_discount_canceled` decimal(12,4) DEFAULT NULL COMMENT 'Base Discount Canceled',
  `base_discount_invoiced` decimal(12,4) DEFAULT NULL COMMENT 'Base Discount Invoiced',
  `base_discount_refunded` decimal(12,4) DEFAULT NULL COMMENT 'Base Discount Refunded',
  `base_grand_total` decimal(12,4) DEFAULT NULL COMMENT 'Base Grand Total',
  `base_shipping_amount` decimal(12,4) DEFAULT NULL COMMENT 'Base Shipping Amount',
  `base_shipping_canceled` decimal(12,4) DEFAULT NULL COMMENT 'Base Shipping Canceled',
  `base_shipping_invoiced` decimal(12,4) DEFAULT NULL COMMENT 'Base Shipping Invoiced',
  `base_shipping_refunded` decimal(12,4) DEFAULT NULL COMMENT 'Base Shipping Refunded',
  `base_shipping_tax_amount` decimal(12,4) DEFAULT NULL COMMENT 'Base Shipping Tax Amount',
  `base_shipping_tax_refunded` decimal(12,4) DEFAULT NULL COMMENT 'Base Shipping Tax Refunded',
  `base_subtotal` decimal(12,4) DEFAULT NULL COMMENT 'Base Subtotal',
  `base_subtotal_canceled` decimal(12,4) DEFAULT NULL COMMENT 'Base Subtotal Canceled',
  `base_subtotal_invoiced` decimal(12,4) DEFAULT NULL COMMENT 'Base Subtotal Invoiced',
  `base_subtotal_refunded` decimal(12,4) DEFAULT NULL COMMENT 'Base Subtotal Refunded',
  `base_tax_amount` decimal(12,4) DEFAULT NULL COMMENT 'Base Tax Amount',
  `base_tax_canceled` decimal(12,4) DEFAULT NULL COMMENT 'Base Tax Canceled',
  `base_tax_invoiced` decimal(12,4) DEFAULT NULL COMMENT 'Base Tax Invoiced',
  `base_tax_refunded` decimal(12,4) DEFAULT NULL COMMENT 'Base Tax Refunded',
  `base_to_global_rate` decimal(12,4) DEFAULT NULL COMMENT 'Base To Global Rate',
  `base_to_order_rate` decimal(12,4) DEFAULT NULL COMMENT 'Base To Order Rate',
  `base_total_canceled` decimal(12,4) DEFAULT NULL COMMENT 'Base Total Canceled',
  `base_total_invoiced` decimal(12,4) DEFAULT NULL COMMENT 'Base Total Invoiced',
  `base_total_invoiced_cost` decimal(12,4) DEFAULT NULL COMMENT 'Base Total Invoiced Cost',
  `base_total_offline_refunded` decimal(12,4) DEFAULT NULL COMMENT 'Base Total Offline Refunded',
  `base_total_online_refunded` decimal(12,4) DEFAULT NULL COMMENT 'Base Total Online Refunded',
  `base_total_paid` decimal(12,4) DEFAULT NULL COMMENT 'Base Total Paid',
  `base_total_qty_ordered` decimal(12,4) DEFAULT NULL COMMENT 'Base Total Qty Ordered',
  `base_total_refunded` decimal(12,4) DEFAULT NULL COMMENT 'Base Total Refunded',
  `discount_amount` decimal(12,4) DEFAULT NULL COMMENT 'Discount Amount',
  `discount_canceled` decimal(12,4) DEFAULT NULL COMMENT 'Discount Canceled',
  `discount_invoiced` decimal(12,4) DEFAULT NULL COMMENT 'Discount Invoiced',
  `discount_refunded` decimal(12,4) DEFAULT NULL COMMENT 'Discount Refunded',
  `grand_total` decimal(12,4) DEFAULT NULL COMMENT 'Grand Total',
  `shipping_amount` decimal(12,4) DEFAULT NULL COMMENT 'Shipping Amount',
  `shipping_canceled` decimal(12,4) DEFAULT NULL COMMENT 'Shipping Canceled',
  `shipping_invoiced` decimal(12,4) DEFAULT NULL COMMENT 'Shipping Invoiced',
  `shipping_refunded` decimal(12,4) DEFAULT NULL COMMENT 'Shipping Refunded',
  `shipping_tax_amount` decimal(12,4) DEFAULT NULL COMMENT 'Shipping Tax Amount',
  `shipping_tax_refunded` decimal(12,4) DEFAULT NULL COMMENT 'Shipping Tax Refunded',
  `store_to_base_rate` decimal(12,4) DEFAULT NULL COMMENT 'Store To Base Rate',
  `store_to_order_rate` decimal(12,4) DEFAULT NULL COMMENT 'Store To Order Rate',
  `subtotal` decimal(12,4) DEFAULT NULL COMMENT 'Subtotal',
  `subtotal_canceled` decimal(12,4) DEFAULT NULL COMMENT 'Subtotal Canceled',
  `subtotal_invoiced` decimal(12,4) DEFAULT NULL COMMENT 'Subtotal Invoiced',
  `subtotal_refunded` decimal(12,4) DEFAULT NULL COMMENT 'Subtotal Refunded',
  `tax_amount` decimal(12,4) DEFAULT NULL COMMENT 'Tax Amount',
  `tax_canceled` decimal(12,4) DEFAULT NULL COMMENT 'Tax Canceled',
  `tax_invoiced` decimal(12,4) DEFAULT NULL COMMENT 'Tax Invoiced',
  `tax_refunded` decimal(12,4) DEFAULT NULL COMMENT 'Tax Refunded',
  `total_canceled` decimal(12,4) DEFAULT NULL COMMENT 'Total Canceled',
  `total_invoiced` decimal(12,4) DEFAULT NULL COMMENT 'Total Invoiced',
  `total_offline_refunded` decimal(12,4) DEFAULT NULL COMMENT 'Total Offline Refunded',
  `total_online_refunded` decimal(12,4) DEFAULT NULL COMMENT 'Total Online Refunded',
  `total_paid` decimal(12,4) DEFAULT NULL COMMENT 'Total Paid',
  `total_qty_ordered` decimal(12,4) DEFAULT NULL COMMENT 'Total Qty Ordered',
  `total_refunded` decimal(12,4) DEFAULT NULL COMMENT 'Total Refunded',
  `can_ship_partially` smallint(5) unsigned DEFAULT NULL COMMENT 'Can Ship Partially',
  `can_ship_partially_item` smallint(5) unsigned DEFAULT NULL COMMENT 'Can Ship Partially Item',
  `customer_is_guest` smallint(5) unsigned DEFAULT NULL COMMENT 'Customer Is Guest',
  `customer_note_notify` smallint(5) unsigned DEFAULT NULL COMMENT 'Customer Note Notify',
  `billing_address_id` int(11) DEFAULT NULL COMMENT 'Billing Address Id',
  `customer_group_id` smallint(6) DEFAULT NULL COMMENT 'Customer Group Id',
  `edit_increment` int(11) DEFAULT NULL COMMENT 'Edit Increment',
  `email_sent` smallint(5) unsigned DEFAULT NULL COMMENT 'Email Sent',
  `forced_shipment_with_invoice` smallint(5) unsigned DEFAULT NULL COMMENT 'Forced Do Shipment With Invoice',
  `payment_auth_expiration` int(11) DEFAULT NULL COMMENT 'Payment Authorization Expiration',
  `quote_address_id` int(11) DEFAULT NULL COMMENT 'Quote Address Id',
  `quote_id` int(11) DEFAULT NULL COMMENT 'Quote Id',
  `shipping_address_id` int(11) DEFAULT NULL COMMENT 'Shipping Address Id',
  `adjustment_negative` decimal(12,4) DEFAULT NULL COMMENT 'Adjustment Negative',
  `adjustment_positive` decimal(12,4) DEFAULT NULL COMMENT 'Adjustment Positive',
  `base_adjustment_negative` decimal(12,4) DEFAULT NULL COMMENT 'Base Adjustment Negative',
  `base_adjustment_positive` decimal(12,4) DEFAULT NULL COMMENT 'Base Adjustment Positive',
  `base_shipping_discount_amount` decimal(12,4) DEFAULT NULL COMMENT 'Base Shipping Discount Amount',
  `base_subtotal_incl_tax` decimal(12,4) DEFAULT NULL COMMENT 'Base Subtotal Incl Tax',
  `base_total_due` decimal(12,4) DEFAULT NULL COMMENT 'Base Total Due',
  `payment_authorization_amount` decimal(12,4) DEFAULT NULL COMMENT 'Payment Authorization Amount',
  `shipping_discount_amount` decimal(12,4) DEFAULT NULL COMMENT 'Shipping Discount Amount',
  `subtotal_incl_tax` decimal(12,4) DEFAULT NULL COMMENT 'Subtotal Incl Tax',
  `total_due` decimal(12,4) DEFAULT NULL COMMENT 'Total Due',
  `weight` decimal(12,4) DEFAULT NULL COMMENT 'Weight',
  `customer_dob` datetime DEFAULT NULL COMMENT 'Customer Dob',
  `increment_id` varchar(50) DEFAULT NULL COMMENT 'Increment Id',
  `applied_rule_ids` varchar(255) DEFAULT NULL COMMENT 'Applied Rule Ids',
  `base_currency_code` varchar(3) DEFAULT NULL COMMENT 'Base Currency Code',
  `customer_email` varchar(255) DEFAULT NULL COMMENT 'Customer Email',
  `customer_firstname` varchar(255) DEFAULT NULL COMMENT 'Customer Firstname',
  `customer_lastname` varchar(255) DEFAULT NULL COMMENT 'Customer Lastname',
  `customer_middlename` varchar(255) DEFAULT NULL COMMENT 'Customer Middlename',
  `customer_prefix` varchar(255) DEFAULT NULL COMMENT 'Customer Prefix',
  `customer_suffix` varchar(255) DEFAULT NULL COMMENT 'Customer Suffix',
  `customer_taxvat` varchar(255) DEFAULT NULL COMMENT 'Customer Taxvat',
  `discount_description` varchar(255) DEFAULT NULL COMMENT 'Discount Description',
  `ext_customer_id` varchar(255) DEFAULT NULL COMMENT 'Ext Customer Id',
  `ext_order_id` varchar(255) DEFAULT NULL COMMENT 'Ext Order Id',
  `global_currency_code` varchar(3) DEFAULT NULL COMMENT 'Global Currency Code',
  `hold_before_state` varchar(255) DEFAULT NULL COMMENT 'Hold Before State',
  `hold_before_status` varchar(255) DEFAULT NULL COMMENT 'Hold Before Status',
  `order_currency_code` varchar(255) DEFAULT NULL COMMENT 'Order Currency Code',
  `original_increment_id` varchar(50) DEFAULT NULL COMMENT 'Original Increment Id',
  `relation_child_id` varchar(32) DEFAULT NULL COMMENT 'Relation Child Id',
  `relation_child_real_id` varchar(32) DEFAULT NULL COMMENT 'Relation Child Real Id',
  `relation_parent_id` varchar(32) DEFAULT NULL COMMENT 'Relation Parent Id',
  `relation_parent_real_id` varchar(32) DEFAULT NULL COMMENT 'Relation Parent Real Id',
  `remote_ip` varchar(255) DEFAULT NULL COMMENT 'Remote Ip',
  `shipping_method` varchar(255) DEFAULT NULL COMMENT 'Shipping Method',
  `store_currency_code` varchar(3) DEFAULT NULL COMMENT 'Store Currency Code',
  `store_name` varchar(255) DEFAULT NULL COMMENT 'Store Name',
  `x_forwarded_for` varchar(255) DEFAULT NULL COMMENT 'X Forwarded For',
  `customer_note` text COMMENT 'Customer Note',
  `created_at` timestamp NULL DEFAULT NULL COMMENT 'Created At',
  `updated_at` timestamp NULL DEFAULT NULL COMMENT 'Updated At',
  `total_item_count` smallint(5) unsigned NOT NULL DEFAULT '0' COMMENT 'Total Item Count',
  `customer_gender` int(11) DEFAULT NULL COMMENT 'Customer Gender',
  `hidden_tax_amount` decimal(12,4) DEFAULT NULL COMMENT 'Hidden Tax Amount',
  `base_hidden_tax_amount` decimal(12,4) DEFAULT NULL COMMENT 'Base Hidden Tax Amount',
  `shipping_hidden_tax_amount` decimal(12,4) DEFAULT NULL COMMENT 'Shipping Hidden Tax Amount',
  `base_shipping_hidden_tax_amnt` decimal(12,4) DEFAULT NULL COMMENT 'Base Shipping Hidden Tax Amount',
  `hidden_tax_invoiced` decimal(12,4) DEFAULT NULL COMMENT 'Hidden Tax Invoiced',
  `base_hidden_tax_invoiced` decimal(12,4) DEFAULT NULL COMMENT 'Base Hidden Tax Invoiced',
  `hidden_tax_refunded` decimal(12,4) DEFAULT NULL COMMENT 'Hidden Tax Refunded',
  `base_hidden_tax_refunded` decimal(12,4) DEFAULT NULL COMMENT 'Base Hidden Tax Refunded',
  `shipping_incl_tax` decimal(12,4) DEFAULT NULL COMMENT 'Shipping Incl Tax',
  `base_shipping_incl_tax` decimal(12,4) DEFAULT NULL COMMENT 'Base Shipping Incl Tax',
  `coupon_rule_name` varchar(255) DEFAULT NULL COMMENT 'Coupon Sales Rule Name',
  `paypal_ipn_customer_notified` int(11) DEFAULT '0' COMMENT 'Paypal Ipn Customer Notified',
  `gift_message_id` int(11) DEFAULT NULL COMMENT 'Gift Message Id',
  PRIMARY KEY (`entity_id`),
  UNIQUE KEY `UNQ_SALES_FLAT_ORDER_INCREMENT_ID` (`increment_id`),
  KEY `IDX_SALES_FLAT_ORDER_STATUS` (`status`),
  KEY `IDX_SALES_FLAT_ORDER_STATE` (`state`),
  KEY `IDX_SALES_FLAT_ORDER_STORE_ID` (`store_id`),
  KEY `IDX_SALES_FLAT_ORDER_CREATED_AT` (`created_at`),
  KEY `IDX_SALES_FLAT_ORDER_CUSTOMER_ID` (`customer_id`),
  KEY `IDX_SALES_FLAT_ORDER_EXT_ORDER_ID` (`ext_order_id`),
  KEY `IDX_SALES_FLAT_ORDER_QUOTE_ID` (`quote_id`),
  KEY `IDX_SALES_FLAT_ORDER_UPDATED_AT` (`updated_at`),
  CONSTRAINT `FK_SALES_FLAT_ORDER_CUSTOMER_ID_CUSTOMER_ENTITY_ENTITY_ID` FOREIGN KEY (`customer_id`) REFERENCES `customer_entity` (`entity_id`) ON DELETE SET NULL ON UPDATE CASCADE,
  CONSTRAINT `FK_SALES_FLAT_ORDER_STORE_ID_CORE_STORE_STORE_ID` FOREIGN KEY (`store_id`) REFERENCES `core_store` (`store_id`) ON DELETE SET NULL ON UPDATE CASCADE
) ENGINE=InnoDB DEFAULT CHARSET=utf8 COMMENT='Sales Flat Order';

INSERT INTO `sales_flat_order` (`entity_id`, `state`, `status`, `coupon_code`, `protect_code`, `shipping_description`, `is_virtual`, `store_id`, `customer_id`, `base_discount_amount`, `base_discount_canceled`, `base_discount_invoiced`, `base_discount_refunded`, `base_grand_total`, `base_shipping_amount`, `base_shipping_canceled`, `base_shipping_invoiced`, `base_shipping_refunded`, `base_shipping_tax_amount`, `base_shipping_tax_refunded`, `base_subtotal`, `base_subtotal_canceled`, `base_subtotal_invoiced`, `base_subtotal_refunded`, `base_tax_amount`, `base_tax_canceled`, `base_tax_invoiced`, `base_tax_refunded`, `base_to_global_rate`, `base_to_order_rate`, `base_total_canceled`, `base_total_invoiced`, `base_total_invoiced_cost`, `base_total_offline_refunded`, `base_total_online_refunded`, `base_total_paid`, `base_total_qty_ordered`, `base_total_refunded`, `discount_amount`, `discount_canceled`, `discount_invoiced`, `discount_refunded`, `grand_total`, `shipping_amount`, `shipping_canceled`, `shipping_invoiced`, `shipping_refunded`, `shipping_tax_amount`, `shipping_tax_refunded`, `store_to_base_rate`, `store_to_order_rate`, `subtotal`, `subtotal_canceled`, `subtotal_invoiced`, `subtotal_refunded`, `tax_amount`, `tax_canceled`, `tax_invoiced`, `tax_refunded`, `total_canceled`, `total_invoiced`, `total_offline_refunded`, `total_online_refunded`, `total_paid`, `total_qty_ordered`, `total_refunded`, `can_ship_partially`, `can_ship_partially_item`, `customer_is_guest`, `customer_note_notify`, `billing_address_id`, `customer_group_id`, `edit_increment`, `email_sent`, `forced_shipment_with_invoice`, `payment_auth_expiration`, `quote_address_id`, `quote_id`, `shipping_address_id`, `adjustment_negative`, `adjustment_positive`, `base_adjustment_negative`, `base_adjustment_positive`, `base_shipping_discount_amount`, `base_subtotal_incl_tax`, `base_total_due`, `payment_authorization_amount`, `shipping_discount_amount`, `subtotal_incl_tax`, `total_due`, `weight`, `customer_dob`, `increment_id`, `applied_rule_ids`, `base_currency_code`, `customer_email`, `customer_firstname`, `customer_lastname`, `customer_middlename`, `customer_prefix`, `customer_suffix`, `customer_taxvat`, `discount_description`, `ext_customer_id`, `ext_order_id`, `global_currency_code`, `hold_before_state`, `hold_before_status`, `order_currency_code`, `original_increment_id`, `relation_child_id`, `relation_child_real_id`, `relation_parent_id`, `relation_parent_real_id`, `remote_ip`, `shipping_method`, `store_currency_code`, `store_name`, `x_forwarded_for`, `customer_note`, `created_at`, `updated_at`, `total_item_count`, `customer_gender`, `hidden_tax_amount`, `base_hidden_tax_amount`, `shipping_hidden_tax_amount`, `base_shipping_hidden_tax_amnt`, `hidden_tax_invoiced`, `base_hidden_tax_invoiced`, `hidden_tax_refunded`, `base_hidden_tax_refunded`, `shipping_incl_tax`, `base_shipping_incl_tax`, `coupon_rule_name`, `paypal_ipn_customer_notified`, `gift_message_id`) VALUES
(1,	'new',	'pending',	NULL,	'15f888',	'Flat Rate - Fixed',	0,	1,	1,	0.0000,	NULL,	NULL,	NULL,	17.0000,	5.0000,	NULL,	NULL,	NULL,	0.0000,	NULL,	12.0000,	NULL,	NULL,	NULL,	0.0000,	NULL,	NULL,	NULL,	1.0000,	1.0000,	NULL,	NULL,	NULL,	NULL,	NULL,	NULL,	NULL,	NULL,	0.0000,	NULL,	NULL,	NULL,	17.0000,	5.0000,	NULL,	NULL,	NULL,	0.0000,	NULL,	1.0000,	1.0000,	12.0000,	NULL,	NULL,	NULL,	0.0000,	NULL,	NULL,	NULL,	NULL,	NULL,	NULL,	NULL,	NULL,	1.0000,	NULL,	NULL,	NULL,	0,	0,	1,	1,	NULL,	1,	NULL,	NULL,	NULL,	5,	2,	NULL,	NULL,	NULL,	NULL,	0.0000,	12.0000,	NULL,	NULL,	0.0000,	12.0000,	NULL,	12.0000,	'1982-03-17 00:00:00',	'100000001',	NULL,	'USD',	'jeremybass@cableone.net',	'Jeremy',	'Bass',	'L',	NULL,	NULL,	NULL,	NULL,	NULL,	NULL,	'USD',	NULL,	NULL,	'USD',	NULL,	NULL,	NULL,	NULL,	NULL,	NULL,	'flatrate_flatrate',	'USD',	'Main Website\nMain Website Store\nDefault Store View',	NULL,	NULL,	'2013-10-27 22:51:05',	'2013-10-27 22:51:07',	1,	1,	0.0000,	0.0000,	0.0000,	0.0000,	NULL,	NULL,	NULL,	NULL,	5.0000,	5.0000,	NULL,	0,	NULL);

DROP TABLE IF EXISTS `sales_flat_order_address`;
CREATE TABLE `sales_flat_order_address` (
  `entity_id` int(10) unsigned NOT NULL AUTO_INCREMENT COMMENT 'Entity Id',
  `parent_id` int(10) unsigned DEFAULT NULL COMMENT 'Parent Id',
  `customer_address_id` int(11) DEFAULT NULL COMMENT 'Customer Address Id',
  `quote_address_id` int(11) DEFAULT NULL COMMENT 'Quote Address Id',
  `region_id` int(11) DEFAULT NULL COMMENT 'Region Id',
  `customer_id` int(11) DEFAULT NULL COMMENT 'Customer Id',
  `fax` varchar(255) DEFAULT NULL COMMENT 'Fax',
  `region` varchar(255) DEFAULT NULL COMMENT 'Region',
  `postcode` varchar(255) DEFAULT NULL COMMENT 'Postcode',
  `lastname` varchar(255) DEFAULT NULL COMMENT 'Lastname',
  `street` varchar(255) DEFAULT NULL COMMENT 'Street',
  `city` varchar(255) DEFAULT NULL COMMENT 'City',
  `email` varchar(255) DEFAULT NULL COMMENT 'Email',
  `telephone` varchar(255) DEFAULT NULL COMMENT 'Telephone',
  `country_id` varchar(2) DEFAULT NULL COMMENT 'Country Id',
  `firstname` varchar(255) DEFAULT NULL COMMENT 'Firstname',
  `address_type` varchar(255) DEFAULT NULL COMMENT 'Address Type',
  `prefix` varchar(255) DEFAULT NULL COMMENT 'Prefix',
  `middlename` varchar(255) DEFAULT NULL COMMENT 'Middlename',
  `suffix` varchar(255) DEFAULT NULL COMMENT 'Suffix',
  `company` varchar(255) DEFAULT NULL COMMENT 'Company',
  `vat_id` text COMMENT 'Vat Id',
  `vat_is_valid` smallint(6) DEFAULT NULL COMMENT 'Vat Is Valid',
  `vat_request_id` text COMMENT 'Vat Request Id',
  `vat_request_date` text COMMENT 'Vat Request Date',
  `vat_request_success` smallint(6) DEFAULT NULL COMMENT 'Vat Request Success',
  PRIMARY KEY (`entity_id`),
  KEY `IDX_SALES_FLAT_ORDER_ADDRESS_PARENT_ID` (`parent_id`),
  CONSTRAINT `FK_SALES_FLAT_ORDER_ADDRESS_PARENT_ID_SALES_FLAT_ORDER_ENTITY_ID` FOREIGN KEY (`parent_id`) REFERENCES `sales_flat_order` (`entity_id`) ON DELETE CASCADE ON UPDATE CASCADE
) ENGINE=InnoDB DEFAULT CHARSET=utf8 COMMENT='Sales Flat Order Address';

INSERT INTO `sales_flat_order_address` (`entity_id`, `parent_id`, `customer_address_id`, `quote_address_id`, `region_id`, `customer_id`, `fax`, `region`, `postcode`, `lastname`, `street`, `city`, `email`, `telephone`, `country_id`, `firstname`, `address_type`, `prefix`, `middlename`, `suffix`, `company`, `vat_id`, `vat_is_valid`, `vat_request_id`, `vat_request_date`, `vat_request_success`) VALUES
(1,	1,	1,	NULL,	22,	1,	NULL,	'Idaho',	'83501',	'Bass',	'1515 21st ave',	'Lewiston',	'jeremybass@cableone.net',	'208-305-7407',	'US',	'Jeremy',	'billing',	NULL,	'L',	'1515 21st ave',	NULL,	NULL,	NULL,	NULL,	NULL,	NULL),
(2,	1,	1,	NULL,	22,	1,	NULL,	'Idaho',	'83501',	'Bass',	'1515 21st ave',	'Lewiston',	'jeremybass@cableone.net',	'208-305-7407',	'US',	'Jeremy',	'shipping',	NULL,	'L',	'1515 21st ave',	NULL,	NULL,	NULL,	NULL,	NULL,	NULL);

DROP TABLE IF EXISTS `sales_flat_order_grid`;
CREATE TABLE `sales_flat_order_grid` (
  `entity_id` int(10) unsigned NOT NULL COMMENT 'Entity Id',
  `status` varchar(32) DEFAULT NULL COMMENT 'Status',
  `store_id` smallint(5) unsigned DEFAULT NULL COMMENT 'Store Id',
  `store_name` varchar(255) DEFAULT NULL COMMENT 'Store Name',
  `customer_id` int(10) unsigned DEFAULT NULL COMMENT 'Customer Id',
  `base_grand_total` decimal(12,4) DEFAULT NULL COMMENT 'Base Grand Total',
  `base_total_paid` decimal(12,4) DEFAULT NULL COMMENT 'Base Total Paid',
  `grand_total` decimal(12,4) DEFAULT NULL COMMENT 'Grand Total',
  `total_paid` decimal(12,4) DEFAULT NULL COMMENT 'Total Paid',
  `increment_id` varchar(50) DEFAULT NULL COMMENT 'Increment Id',
  `base_currency_code` varchar(3) DEFAULT NULL COMMENT 'Base Currency Code',
  `order_currency_code` varchar(255) DEFAULT NULL COMMENT 'Order Currency Code',
  `shipping_name` varchar(255) DEFAULT NULL COMMENT 'Shipping Name',
  `billing_name` varchar(255) DEFAULT NULL COMMENT 'Billing Name',
  `created_at` timestamp NULL DEFAULT NULL COMMENT 'Created At',
  `updated_at` timestamp NULL DEFAULT NULL COMMENT 'Updated At',
  PRIMARY KEY (`entity_id`),
  UNIQUE KEY `UNQ_SALES_FLAT_ORDER_GRID_INCREMENT_ID` (`increment_id`),
  KEY `IDX_SALES_FLAT_ORDER_GRID_STATUS` (`status`),
  KEY `IDX_SALES_FLAT_ORDER_GRID_STORE_ID` (`store_id`),
  KEY `IDX_SALES_FLAT_ORDER_GRID_BASE_GRAND_TOTAL` (`base_grand_total`),
  KEY `IDX_SALES_FLAT_ORDER_GRID_BASE_TOTAL_PAID` (`base_total_paid`),
  KEY `IDX_SALES_FLAT_ORDER_GRID_GRAND_TOTAL` (`grand_total`),
  KEY `IDX_SALES_FLAT_ORDER_GRID_TOTAL_PAID` (`total_paid`),
  KEY `IDX_SALES_FLAT_ORDER_GRID_SHIPPING_NAME` (`shipping_name`),
  KEY `IDX_SALES_FLAT_ORDER_GRID_BILLING_NAME` (`billing_name`),
  KEY `IDX_SALES_FLAT_ORDER_GRID_CREATED_AT` (`created_at`),
  KEY `IDX_SALES_FLAT_ORDER_GRID_CUSTOMER_ID` (`customer_id`),
  KEY `IDX_SALES_FLAT_ORDER_GRID_UPDATED_AT` (`updated_at`),
  CONSTRAINT `FK_SALES_FLAT_ORDER_GRID_CUSTOMER_ID_CUSTOMER_ENTITY_ENTITY_ID` FOREIGN KEY (`customer_id`) REFERENCES `customer_entity` (`entity_id`) ON DELETE SET NULL ON UPDATE CASCADE,
  CONSTRAINT `FK_SALES_FLAT_ORDER_GRID_ENTITY_ID_SALES_FLAT_ORDER_ENTITY_ID` FOREIGN KEY (`entity_id`) REFERENCES `sales_flat_order` (`entity_id`) ON DELETE CASCADE ON UPDATE CASCADE,
  CONSTRAINT `FK_SALES_FLAT_ORDER_GRID_STORE_ID_CORE_STORE_STORE_ID` FOREIGN KEY (`store_id`) REFERENCES `core_store` (`store_id`) ON DELETE SET NULL ON UPDATE CASCADE
) ENGINE=InnoDB DEFAULT CHARSET=utf8 COMMENT='Sales Flat Order Grid';

INSERT INTO `sales_flat_order_grid` (`entity_id`, `status`, `store_id`, `store_name`, `customer_id`, `base_grand_total`, `base_total_paid`, `grand_total`, `total_paid`, `increment_id`, `base_currency_code`, `order_currency_code`, `shipping_name`, `billing_name`, `created_at`, `updated_at`) VALUES
(1,	'pending',	1,	'Main Website\nMain Website Store\nDefault Store View',	1,	17.0000,	NULL,	17.0000,	NULL,	'100000001',	'USD',	'USD',	'Jeremy Bass',	'Jeremy Bass',	'2013-10-27 22:51:05',	'2013-10-27 22:51:07');

DROP TABLE IF EXISTS `sales_flat_order_item`;
CREATE TABLE `sales_flat_order_item` (
  `item_id` int(10) unsigned NOT NULL AUTO_INCREMENT COMMENT 'Item Id',
  `order_id` int(10) unsigned NOT NULL DEFAULT '0' COMMENT 'Order Id',
  `parent_item_id` int(10) unsigned DEFAULT NULL COMMENT 'Parent Item Id',
  `quote_item_id` int(10) unsigned DEFAULT NULL COMMENT 'Quote Item Id',
  `store_id` smallint(5) unsigned DEFAULT NULL COMMENT 'Store Id',
  `created_at` timestamp NOT NULL DEFAULT CURRENT_TIMESTAMP ON UPDATE CURRENT_TIMESTAMP COMMENT 'Created At',
  `updated_at` timestamp NOT NULL DEFAULT '0000-00-00 00:00:00' COMMENT 'Updated At',
  `product_id` int(10) unsigned DEFAULT NULL COMMENT 'Product Id',
  `product_type` varchar(255) DEFAULT NULL COMMENT 'Product Type',
  `product_options` text COMMENT 'Product Options',
  `weight` decimal(12,4) DEFAULT '0.0000' COMMENT 'Weight',
  `is_virtual` smallint(5) unsigned DEFAULT NULL COMMENT 'Is Virtual',
  `sku` varchar(255) DEFAULT NULL COMMENT 'Sku',
  `name` varchar(255) DEFAULT NULL COMMENT 'Name',
  `description` text COMMENT 'Description',
  `applied_rule_ids` text COMMENT 'Applied Rule Ids',
  `additional_data` text COMMENT 'Additional Data',
  `free_shipping` smallint(5) unsigned NOT NULL DEFAULT '0' COMMENT 'Free Shipping',
  `is_qty_decimal` smallint(5) unsigned DEFAULT NULL COMMENT 'Is Qty Decimal',
  `no_discount` smallint(5) unsigned NOT NULL DEFAULT '0' COMMENT 'No Discount',
  `qty_backordered` decimal(12,4) DEFAULT '0.0000' COMMENT 'Qty Backordered',
  `qty_canceled` decimal(12,4) DEFAULT '0.0000' COMMENT 'Qty Canceled',
  `qty_invoiced` decimal(12,4) DEFAULT '0.0000' COMMENT 'Qty Invoiced',
  `qty_ordered` decimal(12,4) DEFAULT '0.0000' COMMENT 'Qty Ordered',
  `qty_refunded` decimal(12,4) DEFAULT '0.0000' COMMENT 'Qty Refunded',
  `qty_shipped` decimal(12,4) DEFAULT '0.0000' COMMENT 'Qty Shipped',
  `base_cost` decimal(12,4) DEFAULT '0.0000' COMMENT 'Base Cost',
  `price` decimal(12,4) NOT NULL DEFAULT '0.0000' COMMENT 'Price',
  `base_price` decimal(12,4) NOT NULL DEFAULT '0.0000' COMMENT 'Base Price',
  `original_price` decimal(12,4) DEFAULT NULL COMMENT 'Original Price',
  `base_original_price` decimal(12,4) DEFAULT NULL COMMENT 'Base Original Price',
  `tax_percent` decimal(12,4) DEFAULT '0.0000' COMMENT 'Tax Percent',
  `tax_amount` decimal(12,4) DEFAULT '0.0000' COMMENT 'Tax Amount',
  `base_tax_amount` decimal(12,4) DEFAULT '0.0000' COMMENT 'Base Tax Amount',
  `tax_invoiced` decimal(12,4) DEFAULT '0.0000' COMMENT 'Tax Invoiced',
  `base_tax_invoiced` decimal(12,4) DEFAULT '0.0000' COMMENT 'Base Tax Invoiced',
  `discount_percent` decimal(12,4) DEFAULT '0.0000' COMMENT 'Discount Percent',
  `discount_amount` decimal(12,4) DEFAULT '0.0000' COMMENT 'Discount Amount',
  `base_discount_amount` decimal(12,4) DEFAULT '0.0000' COMMENT 'Base Discount Amount',
  `discount_invoiced` decimal(12,4) DEFAULT '0.0000' COMMENT 'Discount Invoiced',
  `base_discount_invoiced` decimal(12,4) DEFAULT '0.0000' COMMENT 'Base Discount Invoiced',
  `amount_refunded` decimal(12,4) DEFAULT '0.0000' COMMENT 'Amount Refunded',
  `base_amount_refunded` decimal(12,4) DEFAULT '0.0000' COMMENT 'Base Amount Refunded',
  `row_total` decimal(12,4) NOT NULL DEFAULT '0.0000' COMMENT 'Row Total',
  `base_row_total` decimal(12,4) NOT NULL DEFAULT '0.0000' COMMENT 'Base Row Total',
  `row_invoiced` decimal(12,4) NOT NULL DEFAULT '0.0000' COMMENT 'Row Invoiced',
  `base_row_invoiced` decimal(12,4) NOT NULL DEFAULT '0.0000' COMMENT 'Base Row Invoiced',
  `row_weight` decimal(12,4) DEFAULT '0.0000' COMMENT 'Row Weight',
  `base_tax_before_discount` decimal(12,4) DEFAULT NULL COMMENT 'Base Tax Before Discount',
  `tax_before_discount` decimal(12,4) DEFAULT NULL COMMENT 'Tax Before Discount',
  `ext_order_item_id` varchar(255) DEFAULT NULL COMMENT 'Ext Order Item Id',
  `locked_do_invoice` smallint(5) unsigned DEFAULT NULL COMMENT 'Locked Do Invoice',
  `locked_do_ship` smallint(5) unsigned DEFAULT NULL COMMENT 'Locked Do Ship',
  `price_incl_tax` decimal(12,4) DEFAULT NULL COMMENT 'Price Incl Tax',
  `base_price_incl_tax` decimal(12,4) DEFAULT NULL COMMENT 'Base Price Incl Tax',
  `row_total_incl_tax` decimal(12,4) DEFAULT NULL COMMENT 'Row Total Incl Tax',
  `base_row_total_incl_tax` decimal(12,4) DEFAULT NULL COMMENT 'Base Row Total Incl Tax',
  `hidden_tax_amount` decimal(12,4) DEFAULT NULL COMMENT 'Hidden Tax Amount',
  `base_hidden_tax_amount` decimal(12,4) DEFAULT NULL COMMENT 'Base Hidden Tax Amount',
  `hidden_tax_invoiced` decimal(12,4) DEFAULT NULL COMMENT 'Hidden Tax Invoiced',
  `base_hidden_tax_invoiced` decimal(12,4) DEFAULT NULL COMMENT 'Base Hidden Tax Invoiced',
  `hidden_tax_refunded` decimal(12,4) DEFAULT NULL COMMENT 'Hidden Tax Refunded',
  `base_hidden_tax_refunded` decimal(12,4) DEFAULT NULL COMMENT 'Base Hidden Tax Refunded',
  `is_nominal` int(11) NOT NULL DEFAULT '0' COMMENT 'Is Nominal',
  `tax_canceled` decimal(12,4) DEFAULT NULL COMMENT 'Tax Canceled',
  `hidden_tax_canceled` decimal(12,4) DEFAULT NULL COMMENT 'Hidden Tax Canceled',
  `tax_refunded` decimal(12,4) DEFAULT NULL COMMENT 'Tax Refunded',
  `base_tax_refunded` decimal(12,4) DEFAULT NULL COMMENT 'Base Tax Refunded',
  `discount_refunded` decimal(12,4) DEFAULT NULL COMMENT 'Discount Refunded',
  `base_discount_refunded` decimal(12,4) DEFAULT NULL COMMENT 'Base Discount Refunded',
  `gift_message_id` int(11) DEFAULT NULL COMMENT 'Gift Message Id',
  `gift_message_available` int(11) DEFAULT NULL COMMENT 'Gift Message Available',
  `base_weee_tax_applied_amount` decimal(12,4) DEFAULT NULL COMMENT 'Base Weee Tax Applied Amount',
  `base_weee_tax_applied_row_amnt` decimal(12,4) DEFAULT NULL COMMENT 'Base Weee Tax Applied Row Amnt',
  `weee_tax_applied_amount` decimal(12,4) DEFAULT NULL COMMENT 'Weee Tax Applied Amount',
  `weee_tax_applied_row_amount` decimal(12,4) DEFAULT NULL COMMENT 'Weee Tax Applied Row Amount',
  `weee_tax_applied` text COMMENT 'Weee Tax Applied',
  `weee_tax_disposition` decimal(12,4) DEFAULT NULL COMMENT 'Weee Tax Disposition',
  `weee_tax_row_disposition` decimal(12,4) DEFAULT NULL COMMENT 'Weee Tax Row Disposition',
  `base_weee_tax_disposition` decimal(12,4) DEFAULT NULL COMMENT 'Base Weee Tax Disposition',
  `base_weee_tax_row_disposition` decimal(12,4) DEFAULT NULL COMMENT 'Base Weee Tax Row Disposition',
  PRIMARY KEY (`item_id`),
  KEY `IDX_SALES_FLAT_ORDER_ITEM_ORDER_ID` (`order_id`),
  KEY `IDX_SALES_FLAT_ORDER_ITEM_STORE_ID` (`store_id`),
  CONSTRAINT `FK_SALES_FLAT_ORDER_ITEM_ORDER_ID_SALES_FLAT_ORDER_ENTITY_ID` FOREIGN KEY (`order_id`) REFERENCES `sales_flat_order` (`entity_id`) ON DELETE CASCADE ON UPDATE CASCADE,
  CONSTRAINT `FK_SALES_FLAT_ORDER_ITEM_STORE_ID_CORE_STORE_STORE_ID` FOREIGN KEY (`store_id`) REFERENCES `core_store` (`store_id`) ON DELETE SET NULL ON UPDATE CASCADE
) ENGINE=InnoDB DEFAULT CHARSET=utf8 COMMENT='Sales Flat Order Item';

INSERT INTO `sales_flat_order_item` (`item_id`, `order_id`, `parent_item_id`, `quote_item_id`, `store_id`, `created_at`, `updated_at`, `product_id`, `product_type`, `product_options`, `weight`, `is_virtual`, `sku`, `name`, `description`, `applied_rule_ids`, `additional_data`, `free_shipping`, `is_qty_decimal`, `no_discount`, `qty_backordered`, `qty_canceled`, `qty_invoiced`, `qty_ordered`, `qty_refunded`, `qty_shipped`, `base_cost`, `price`, `base_price`, `original_price`, `base_original_price`, `tax_percent`, `tax_amount`, `base_tax_amount`, `tax_invoiced`, `base_tax_invoiced`, `discount_percent`, `discount_amount`, `base_discount_amount`, `discount_invoiced`, `base_discount_invoiced`, `amount_refunded`, `base_amount_refunded`, `row_total`, `base_row_total`, `row_invoiced`, `base_row_invoiced`, `row_weight`, `base_tax_before_discount`, `tax_before_discount`, `ext_order_item_id`, `locked_do_invoice`, `locked_do_ship`, `price_incl_tax`, `base_price_incl_tax`, `row_total_incl_tax`, `base_row_total_incl_tax`, `hidden_tax_amount`, `base_hidden_tax_amount`, `hidden_tax_invoiced`, `base_hidden_tax_invoiced`, `hidden_tax_refunded`, `base_hidden_tax_refunded`, `is_nominal`, `tax_canceled`, `hidden_tax_canceled`, `tax_refunded`, `base_tax_refunded`, `discount_refunded`, `base_discount_refunded`, `gift_message_id`, `gift_message_available`, `base_weee_tax_applied_amount`, `base_weee_tax_applied_row_amnt`, `weee_tax_applied_amount`, `weee_tax_applied_row_amount`, `weee_tax_applied`, `weee_tax_disposition`, `weee_tax_row_disposition`, `base_weee_tax_disposition`, `base_weee_tax_row_disposition`) VALUES
(1,	1,	NULL,	1,	1,	'2013-10-27 22:51:06',	'2013-10-27 22:51:06',	1,	'simple',	'a:1:{s:15:\"info_buyRequest\";a:2:{s:3:\"qty\";i:1;s:7:\"options\";a:0:{}}}',	12.0000,	0,	'test',	'test',	NULL,	NULL,	NULL,	0,	0,	0,	NULL,	0.0000,	0.0000,	1.0000,	0.0000,	0.0000,	NULL,	12.0000,	12.0000,	12.0000,	12.0000,	0.0000,	0.0000,	0.0000,	0.0000,	0.0000,	0.0000,	0.0000,	0.0000,	0.0000,	0.0000,	0.0000,	0.0000,	12.0000,	12.0000,	0.0000,	0.0000,	12.0000,	NULL,	NULL,	NULL,	NULL,	NULL,	12.0000,	12.0000,	12.0000,	12.0000,	NULL,	NULL,	NULL,	NULL,	NULL,	NULL,	0,	NULL,	NULL,	NULL,	NULL,	NULL,	NULL,	NULL,	NULL,	0.0000,	0.0000,	0.0000,	0.0000,	'a:0:{}',	0.0000,	0.0000,	0.0000,	0.0000);

DROP TABLE IF EXISTS `sales_flat_order_payment`;
CREATE TABLE `sales_flat_order_payment` (
  `entity_id` int(10) unsigned NOT NULL AUTO_INCREMENT COMMENT 'Entity Id',
  `parent_id` int(10) unsigned NOT NULL COMMENT 'Parent Id',
  `base_shipping_captured` decimal(12,4) DEFAULT NULL COMMENT 'Base Shipping Captured',
  `shipping_captured` decimal(12,4) DEFAULT NULL COMMENT 'Shipping Captured',
  `amount_refunded` decimal(12,4) DEFAULT NULL COMMENT 'Amount Refunded',
  `base_amount_paid` decimal(12,4) DEFAULT NULL COMMENT 'Base Amount Paid',
  `amount_canceled` decimal(12,4) DEFAULT NULL COMMENT 'Amount Canceled',
  `base_amount_authorized` decimal(12,4) DEFAULT NULL COMMENT 'Base Amount Authorized',
  `base_amount_paid_online` decimal(12,4) DEFAULT NULL COMMENT 'Base Amount Paid Online',
  `base_amount_refunded_online` decimal(12,4) DEFAULT NULL COMMENT 'Base Amount Refunded Online',
  `base_shipping_amount` decimal(12,4) DEFAULT NULL COMMENT 'Base Shipping Amount',
  `shipping_amount` decimal(12,4) DEFAULT NULL COMMENT 'Shipping Amount',
  `amount_paid` decimal(12,4) DEFAULT NULL COMMENT 'Amount Paid',
  `amount_authorized` decimal(12,4) DEFAULT NULL COMMENT 'Amount Authorized',
  `base_amount_ordered` decimal(12,4) DEFAULT NULL COMMENT 'Base Amount Ordered',
  `base_shipping_refunded` decimal(12,4) DEFAULT NULL COMMENT 'Base Shipping Refunded',
  `shipping_refunded` decimal(12,4) DEFAULT NULL COMMENT 'Shipping Refunded',
  `base_amount_refunded` decimal(12,4) DEFAULT NULL COMMENT 'Base Amount Refunded',
  `amount_ordered` decimal(12,4) DEFAULT NULL COMMENT 'Amount Ordered',
  `base_amount_canceled` decimal(12,4) DEFAULT NULL COMMENT 'Base Amount Canceled',
  `quote_payment_id` int(11) DEFAULT NULL COMMENT 'Quote Payment Id',
  `additional_data` text COMMENT 'Additional Data',
  `cc_exp_month` varchar(255) DEFAULT NULL COMMENT 'Cc Exp Month',
  `cc_ss_start_year` varchar(255) DEFAULT NULL COMMENT 'Cc Ss Start Year',
  `echeck_bank_name` varchar(255) DEFAULT NULL COMMENT 'Echeck Bank Name',
  `method` varchar(255) DEFAULT NULL COMMENT 'Method',
  `cc_debug_request_body` varchar(255) DEFAULT NULL COMMENT 'Cc Debug Request Body',
  `cc_secure_verify` varchar(255) DEFAULT NULL COMMENT 'Cc Secure Verify',
  `protection_eligibility` varchar(255) DEFAULT NULL COMMENT 'Protection Eligibility',
  `cc_approval` varchar(255) DEFAULT NULL COMMENT 'Cc Approval',
  `cc_last4` varchar(255) DEFAULT NULL COMMENT 'Cc Last4',
  `cc_status_description` varchar(255) DEFAULT NULL COMMENT 'Cc Status Description',
  `echeck_type` varchar(255) DEFAULT NULL COMMENT 'Echeck Type',
  `cc_debug_response_serialized` varchar(255) DEFAULT NULL COMMENT 'Cc Debug Response Serialized',
  `cc_ss_start_month` varchar(255) DEFAULT NULL COMMENT 'Cc Ss Start Month',
  `echeck_account_type` varchar(255) DEFAULT NULL COMMENT 'Echeck Account Type',
  `last_trans_id` varchar(255) DEFAULT NULL COMMENT 'Last Trans Id',
  `cc_cid_status` varchar(255) DEFAULT NULL COMMENT 'Cc Cid Status',
  `cc_owner` varchar(255) DEFAULT NULL COMMENT 'Cc Owner',
  `cc_type` varchar(255) DEFAULT NULL COMMENT 'Cc Type',
  `po_number` varchar(255) DEFAULT NULL COMMENT 'Po Number',
  `cc_exp_year` varchar(255) DEFAULT NULL COMMENT 'Cc Exp Year',
  `cc_status` varchar(255) DEFAULT NULL COMMENT 'Cc Status',
  `echeck_routing_number` varchar(255) DEFAULT NULL COMMENT 'Echeck Routing Number',
  `account_status` varchar(255) DEFAULT NULL COMMENT 'Account Status',
  `anet_trans_method` varchar(255) DEFAULT NULL COMMENT 'Anet Trans Method',
  `cc_debug_response_body` varchar(255) DEFAULT NULL COMMENT 'Cc Debug Response Body',
  `cc_ss_issue` varchar(255) DEFAULT NULL COMMENT 'Cc Ss Issue',
  `echeck_account_name` varchar(255) DEFAULT NULL COMMENT 'Echeck Account Name',
  `cc_avs_status` varchar(255) DEFAULT NULL COMMENT 'Cc Avs Status',
  `cc_number_enc` varchar(255) DEFAULT NULL COMMENT 'Cc Number Enc',
  `cc_trans_id` varchar(255) DEFAULT NULL COMMENT 'Cc Trans Id',
  `paybox_request_number` varchar(255) DEFAULT NULL COMMENT 'Paybox Request Number',
  `address_status` varchar(255) DEFAULT NULL COMMENT 'Address Status',
  `additional_information` text COMMENT 'Additional Information',
  PRIMARY KEY (`entity_id`),
  KEY `IDX_SALES_FLAT_ORDER_PAYMENT_PARENT_ID` (`parent_id`),
  CONSTRAINT `FK_SALES_FLAT_ORDER_PAYMENT_PARENT_ID_SALES_FLAT_ORDER_ENTITY_ID` FOREIGN KEY (`parent_id`) REFERENCES `sales_flat_order` (`entity_id`) ON DELETE CASCADE ON UPDATE CASCADE
) ENGINE=InnoDB DEFAULT CHARSET=utf8 COMMENT='Sales Flat Order Payment';

INSERT INTO `sales_flat_order_payment` (`entity_id`, `parent_id`, `base_shipping_captured`, `shipping_captured`, `amount_refunded`, `base_amount_paid`, `amount_canceled`, `base_amount_authorized`, `base_amount_paid_online`, `base_amount_refunded_online`, `base_shipping_amount`, `shipping_amount`, `amount_paid`, `amount_authorized`, `base_amount_ordered`, `base_shipping_refunded`, `shipping_refunded`, `base_amount_refunded`, `amount_ordered`, `base_amount_canceled`, `quote_payment_id`, `additional_data`, `cc_exp_month`, `cc_ss_start_year`, `echeck_bank_name`, `method`, `cc_debug_request_body`, `cc_secure_verify`, `protection_eligibility`, `cc_approval`, `cc_last4`, `cc_status_description`, `echeck_type`, `cc_debug_response_serialized`, `cc_ss_start_month`, `echeck_account_type`, `last_trans_id`, `cc_cid_status`, `cc_owner`, `cc_type`, `po_number`, `cc_exp_year`, `cc_status`, `echeck_routing_number`, `account_status`, `anet_trans_method`, `cc_debug_response_body`, `cc_ss_issue`, `echeck_account_name`, `cc_avs_status`, `cc_number_enc`, `cc_trans_id`, `paybox_request_number`, `address_status`, `additional_information`) VALUES
(1,	1,	NULL,	NULL,	NULL,	NULL,	NULL,	NULL,	NULL,	NULL,	5.0000,	5.0000,	NULL,	NULL,	17.0000,	NULL,	NULL,	NULL,	17.0000,	NULL,	NULL,	NULL,	'0',	'0',	NULL,	'checkmo',	NULL,	NULL,	NULL,	NULL,	NULL,	NULL,	NULL,	NULL,	'0',	NULL,	NULL,	NULL,	NULL,	NULL,	NULL,	'0',	NULL,	NULL,	NULL,	NULL,	NULL,	NULL,	NULL,	NULL,	NULL,	NULL,	NULL,	NULL,	NULL);

DROP TABLE IF EXISTS `sales_flat_order_status_history`;
CREATE TABLE `sales_flat_order_status_history` (
  `entity_id` int(10) unsigned NOT NULL AUTO_INCREMENT COMMENT 'Entity Id',
  `parent_id` int(10) unsigned NOT NULL COMMENT 'Parent Id',
  `is_customer_notified` int(11) DEFAULT NULL COMMENT 'Is Customer Notified',
  `is_visible_on_front` smallint(5) unsigned NOT NULL DEFAULT '0' COMMENT 'Is Visible On Front',
  `comment` text COMMENT 'Comment',
  `status` varchar(32) DEFAULT NULL COMMENT 'Status',
  `created_at` timestamp NULL DEFAULT NULL COMMENT 'Created At',
  `entity_name` varchar(32) DEFAULT NULL COMMENT 'Shows what entity history is bind to.',
  PRIMARY KEY (`entity_id`),
  KEY `IDX_SALES_FLAT_ORDER_STATUS_HISTORY_PARENT_ID` (`parent_id`),
  KEY `IDX_SALES_FLAT_ORDER_STATUS_HISTORY_CREATED_AT` (`created_at`),
  CONSTRAINT `FK_CE7C71E74CB74DDACED337CEE6753D5E` FOREIGN KEY (`parent_id`) REFERENCES `sales_flat_order` (`entity_id`) ON DELETE CASCADE ON UPDATE CASCADE
) ENGINE=InnoDB DEFAULT CHARSET=utf8 COMMENT='Sales Flat Order Status History';

INSERT INTO `sales_flat_order_status_history` (`entity_id`, `parent_id`, `is_customer_notified`, `is_visible_on_front`, `comment`, `status`, `created_at`, `entity_name`) VALUES
(1,	1,	0,	0,	NULL,	'pending',	'2013-10-27 22:51:07',	'order');

DROP TABLE IF EXISTS `sales_flat_quote`;
CREATE TABLE `sales_flat_quote` (
  `entity_id` int(10) unsigned NOT NULL AUTO_INCREMENT COMMENT 'Entity Id',
  `store_id` smallint(5) unsigned NOT NULL DEFAULT '0' COMMENT 'Store Id',
  `created_at` timestamp NOT NULL DEFAULT CURRENT_TIMESTAMP ON UPDATE CURRENT_TIMESTAMP COMMENT 'Created At',
  `updated_at` timestamp NOT NULL DEFAULT '0000-00-00 00:00:00' COMMENT 'Updated At',
  `converted_at` timestamp NULL DEFAULT NULL COMMENT 'Converted At',
  `is_active` smallint(5) unsigned DEFAULT '1' COMMENT 'Is Active',
  `is_virtual` smallint(5) unsigned DEFAULT '0' COMMENT 'Is Virtual',
  `is_multi_shipping` smallint(5) unsigned DEFAULT '0' COMMENT 'Is Multi Shipping',
  `items_count` int(10) unsigned DEFAULT '0' COMMENT 'Items Count',
  `items_qty` decimal(12,4) DEFAULT '0.0000' COMMENT 'Items Qty',
  `orig_order_id` int(10) unsigned DEFAULT '0' COMMENT 'Orig Order Id',
  `store_to_base_rate` decimal(12,4) DEFAULT '0.0000' COMMENT 'Store To Base Rate',
  `store_to_quote_rate` decimal(12,4) DEFAULT '0.0000' COMMENT 'Store To Quote Rate',
  `base_currency_code` varchar(255) DEFAULT NULL COMMENT 'Base Currency Code',
  `store_currency_code` varchar(255) DEFAULT NULL COMMENT 'Store Currency Code',
  `quote_currency_code` varchar(255) DEFAULT NULL COMMENT 'Quote Currency Code',
  `grand_total` decimal(12,4) DEFAULT '0.0000' COMMENT 'Grand Total',
  `base_grand_total` decimal(12,4) DEFAULT '0.0000' COMMENT 'Base Grand Total',
  `checkout_method` varchar(255) DEFAULT NULL COMMENT 'Checkout Method',
  `customer_id` int(10) unsigned DEFAULT '0' COMMENT 'Customer Id',
  `customer_tax_class_id` int(10) unsigned DEFAULT '0' COMMENT 'Customer Tax Class Id',
  `customer_group_id` int(10) unsigned DEFAULT '0' COMMENT 'Customer Group Id',

  `customer_email` varchar(255) DEFAULT NULL COMMENT 'Customer Email',
  `customer_prefix` varchar(40) DEFAULT NULL COMMENT 'Customer Prefix',
  `customer_firstname` varchar(255) DEFAULT NULL COMMENT 'Customer Firstname',
  `customer_middlename` varchar(40) DEFAULT NULL COMMENT 'Customer Middlename',
  `customer_lastname` varchar(255) DEFAULT NULL COMMENT 'Customer Lastname',
  `customer_suffix` varchar(40) DEFAULT NULL COMMENT 'Customer Suffix',
  `customer_dob` datetime DEFAULT NULL COMMENT 'Customer Dob',
  `customer_note` varchar(255) DEFAULT NULL COMMENT 'Customer Note',
  `customer_note_notify` smallint(5) unsigned DEFAULT '1' COMMENT 'Customer Note Notify',
  `customer_is_guest` smallint(5) unsigned DEFAULT '0' COMMENT 'Customer Is Guest',
  `remote_ip` varchar(32) DEFAULT NULL COMMENT 'Remote Ip',
  `applied_rule_ids` varchar(255) DEFAULT NULL COMMENT 'Applied Rule Ids',
  `reserved_order_id` varchar(64) DEFAULT NULL COMMENT 'Reserved Order Id',
  `password_hash` varchar(255) DEFAULT NULL COMMENT 'Password Hash',
  `coupon_code` varchar(255) DEFAULT NULL COMMENT 'Coupon Code',
  `global_currency_code` varchar(255) DEFAULT NULL COMMENT 'Global Currency Code',
  `base_to_global_rate` decimal(12,4) DEFAULT NULL COMMENT 'Base To Global Rate',
  `base_to_quote_rate` decimal(12,4) DEFAULT NULL COMMENT 'Base To Quote Rate',
  `customer_taxvat` varchar(255) DEFAULT NULL COMMENT 'Customer Taxvat',
  `customer_gender` varchar(255) DEFAULT NULL COMMENT 'Customer Gender',
  `subtotal` decimal(12,4) DEFAULT NULL COMMENT 'Subtotal',
  `base_subtotal` decimal(12,4) DEFAULT NULL COMMENT 'Base Subtotal',
  `subtotal_with_discount` decimal(12,4) DEFAULT NULL COMMENT 'Subtotal With Discount',
  `base_subtotal_with_discount` decimal(12,4) DEFAULT NULL COMMENT 'Base Subtotal With Discount',
  `is_changed` int(10) unsigned DEFAULT NULL COMMENT 'Is Changed',
  `trigger_recollect` smallint(6) NOT NULL DEFAULT '0' COMMENT 'Trigger Recollect',
  `ext_shipping_info` text COMMENT 'Ext Shipping Info',
  `gift_message_id` int(11) DEFAULT NULL COMMENT 'Gift Message Id',
  `is_persistent` smallint(5) unsigned DEFAULT '0' COMMENT 'Is Quote Persistent',
  PRIMARY KEY (`entity_id`),
  KEY `IDX_SALES_FLAT_QUOTE_CUSTOMER_ID_STORE_ID_IS_ACTIVE` (`customer_id`,`store_id`,`is_active`),
  KEY `IDX_SALES_FLAT_QUOTE_STORE_ID` (`store_id`),
  CONSTRAINT `FK_SALES_FLAT_QUOTE_STORE_ID_CORE_STORE_STORE_ID` FOREIGN KEY (`store_id`) REFERENCES `core_store` (`store_id`) ON DELETE CASCADE ON UPDATE CASCADE
) ENGINE=InnoDB DEFAULT CHARSET=utf8 COMMENT='Sales Flat Quote';

INSERT INTO `sales_flat_quote` (`entity_id`, `store_id`, `created_at`, `updated_at`, `converted_at`, `is_active`, `is_virtual`, `is_multi_shipping`, `items_count`, `items_qty`, `orig_order_id`, `store_to_base_rate`, `store_to_quote_rate`, `base_currency_code`, `store_currency_code`, `quote_currency_code`, `grand_total`, `base_grand_total`, `checkout_method`, `customer_id`, `customer_tax_class_id`, `customer_group_id`, `customer_email`, `customer_prefix`, `customer_firstname`, `customer_middlename`, `customer_lastname`, `customer_suffix`, `customer_dob`, `customer_note`, `customer_note_notify`, `customer_is_guest`, `remote_ip`, `applied_rule_ids`, `reserved_order_id`, `password_hash`, `coupon_code`, `global_currency_code`, `base_to_global_rate`, `base_to_quote_rate`, `customer_taxvat`, `customer_gender`, `subtotal`, `base_subtotal`, `subtotal_with_discount`, `base_subtotal_with_discount`, `is_changed`, `trigger_recollect`, `ext_shipping_info`, `gift_message_id`, `is_persistent`) VALUES
(1,	1,	'2013-10-27 22:30:43',	'2013-10-27 22:30:47',	NULL,	0,	0,	0,	0,	0.0000,	0,	1.0000,	1.0000,	'USD',	'USD',	'USD',	0.0000,	0.0000,	NULL,	1,	3,	1,	'jeremybass@cableone.net',	NULL,	'Jeremy',	'L',	'Bass',	NULL,	'1982-03-17 00:00:00',	NULL,	1,	0,	NULL,	NULL,	NULL,	NULL,	NULL,	'USD',	1.0000,	1.0000,	NULL,	'1',	0.0000,	0.0000,	0.0000,	0.0000,	1,	0,	NULL,	NULL,	0),
(2,	1,	'2013-10-27 22:33:48',	'2013-10-27 22:33:52',	NULL,	0,	0,	0,	0,	0.0000,	0,	1.0000,	1.0000,	'USD',	'USD',	'USD',	0.0000,	0.0000,	NULL,	1,	3,	1,	'jeremybass@cableone.net',	NULL,	'Jeremy',	'L',	'Bass',	NULL,	'1982-03-17 00:00:00',	NULL,	1,	0,	NULL,	NULL,	NULL,	NULL,	NULL,	'USD',	1.0000,	1.0000,	NULL,	'1',	0.0000,	0.0000,	0.0000,	0.0000,	1,	0,	NULL,	NULL,	0),
(3,	1,	'2013-10-27 22:39:21',	'2013-10-27 22:39:21',	NULL,	0,	0,	0,	0,	0.0000,	0,	1.0000,	1.0000,	'USD',	'USD',	'USD',	0.0000,	0.0000,	NULL,	1,	3,	1,	'jeremybass@cableone.net',	NULL,	'Jeremy',	'L',	'Bass',	NULL,	'1982-03-17 00:00:00',	NULL,	1,	0,	NULL,	NULL,	NULL,	NULL,	NULL,	'USD',	1.0000,	1.0000,	NULL,	'1',	NULL,	NULL,	NULL,	NULL,	1,	0,	NULL,	NULL,	0),
(4,	1,	'2013-10-27 22:39:36',	'2013-10-27 22:39:36',	NULL,	1,	0,	0,	0,	0.0000,	0,	1.0000,	1.0000,	'USD',	'USD',	'USD',	0.0000,	0.0000,	NULL,	1,	3,	1,	'jeremybass@cableone.net',	NULL,	'Jeremy',	'L',	'Bass',	NULL,	'1982-03-17 00:00:00',	NULL,	1,	0,	NULL,	NULL,	NULL,	NULL,	NULL,	'USD',	1.0000,	1.0000,	NULL,	'1',	NULL,	NULL,	NULL,	NULL,	1,	0,	NULL,	NULL,	0),
(5,	1,	'2013-10-27 22:39:50',	'2013-10-27 22:51:05',	NULL,	0,	0,	0,	1,	1.0000,	0,	1.0000,	1.0000,	'USD',	'USD',	'USD',	17.0000,	17.0000,	NULL,	1,	3,	1,	'jeremybass@cableone.net',	NULL,	'Jeremy',	'L',	'Bass',	NULL,	'1982-03-17 00:00:00',	NULL,	0,	0,	NULL,	NULL,	'100000001',	NULL,	NULL,	'USD',	1.0000,	1.0000,	NULL,	'1',	12.0000,	12.0000,	12.0000,	12.0000,	1,	0,	NULL,	NULL,	0);

DROP TABLE IF EXISTS `sales_flat_quote_address`;
CREATE TABLE `sales_flat_quote_address` (
  `address_id` int(10) unsigned NOT NULL AUTO_INCREMENT COMMENT 'Address Id',
  `quote_id` int(10) unsigned NOT NULL DEFAULT '0' COMMENT 'Quote Id',
  `created_at` timestamp NOT NULL DEFAULT CURRENT_TIMESTAMP ON UPDATE CURRENT_TIMESTAMP COMMENT 'Created At',
  `updated_at` timestamp NOT NULL DEFAULT '0000-00-00 00:00:00' COMMENT 'Updated At',
  `customer_id` int(10) unsigned DEFAULT NULL COMMENT 'Customer Id',
  `save_in_address_book` smallint(6) DEFAULT '0' COMMENT 'Save In Address Book',
  `customer_address_id` int(10) unsigned DEFAULT NULL COMMENT 'Customer Address Id',
  `address_type` varchar(255) DEFAULT NULL COMMENT 'Address Type',
  `email` varchar(255) DEFAULT NULL COMMENT 'Email',
  `prefix` varchar(40) DEFAULT NULL COMMENT 'Prefix',
  `firstname` varchar(255) DEFAULT NULL COMMENT 'Firstname',
  `middlename` varchar(40) DEFAULT NULL COMMENT 'Middlename',
  `lastname` varchar(255) DEFAULT NULL COMMENT 'Lastname',
  `suffix` varchar(40) DEFAULT NULL COMMENT 'Suffix',
  `company` varchar(255) DEFAULT NULL COMMENT 'Company',
  `street` varchar(255) DEFAULT NULL COMMENT 'Street',
  `city` varchar(255) DEFAULT NULL COMMENT 'City',
  `region` varchar(255) DEFAULT NULL COMMENT 'Region',
  `region_id` int(10) unsigned DEFAULT NULL COMMENT 'Region Id',
  `postcode` varchar(255) DEFAULT NULL COMMENT 'Postcode',
  `country_id` varchar(255) DEFAULT NULL COMMENT 'Country Id',
  `telephone` varchar(255) DEFAULT NULL COMMENT 'Telephone',
  `fax` varchar(255) DEFAULT NULL COMMENT 'Fax',
  `same_as_billing` smallint(5) unsigned NOT NULL DEFAULT '0' COMMENT 'Same As Billing',
  `free_shipping` smallint(5) unsigned NOT NULL DEFAULT '0' COMMENT 'Free Shipping',
  `collect_shipping_rates` smallint(5) unsigned NOT NULL DEFAULT '0' COMMENT 'Collect Shipping Rates',
  `shipping_method` varchar(255) DEFAULT NULL COMMENT 'Shipping Method',
  `shipping_description` varchar(255) DEFAULT NULL COMMENT 'Shipping Description',
  `weight` decimal(12,4) NOT NULL DEFAULT '0.0000' COMMENT 'Weight',
  `subtotal` decimal(12,4) NOT NULL DEFAULT '0.0000' COMMENT 'Subtotal',
  `base_subtotal` decimal(12,4) NOT NULL DEFAULT '0.0000' COMMENT 'Base Subtotal',
  `subtotal_with_discount` decimal(12,4) NOT NULL DEFAULT '0.0000' COMMENT 'Subtotal With Discount',
  `base_subtotal_with_discount` decimal(12,4) NOT NULL DEFAULT '0.0000' COMMENT 'Base Subtotal With Discount',
  `tax_amount` decimal(12,4) NOT NULL DEFAULT '0.0000' COMMENT 'Tax Amount',
  `base_tax_amount` decimal(12,4) NOT NULL DEFAULT '0.0000' COMMENT 'Base Tax Amount',
  `shipping_amount` decimal(12,4) NOT NULL DEFAULT '0.0000' COMMENT 'Shipping Amount',
  `base_shipping_amount` decimal(12,4) NOT NULL DEFAULT '0.0000' COMMENT 'Base Shipping Amount',
  `shipping_tax_amount` decimal(12,4) DEFAULT NULL COMMENT 'Shipping Tax Amount',
  `base_shipping_tax_amount` decimal(12,4) DEFAULT NULL COMMENT 'Base Shipping Tax Amount',
  `discount_amount` decimal(12,4) NOT NULL DEFAULT '0.0000' COMMENT 'Discount Amount',
  `base_discount_amount` decimal(12,4) NOT NULL DEFAULT '0.0000' COMMENT 'Base Discount Amount',
  `grand_total` decimal(12,4) NOT NULL DEFAULT '0.0000' COMMENT 'Grand Total',
  `base_grand_total` decimal(12,4) NOT NULL DEFAULT '0.0000' COMMENT 'Base Grand Total',
  `customer_notes` text COMMENT 'Customer Notes',
  `applied_taxes` text COMMENT 'Applied Taxes',
  `discount_description` varchar(255) DEFAULT NULL COMMENT 'Discount Description',
  `shipping_discount_amount` decimal(12,4) DEFAULT NULL COMMENT 'Shipping Discount Amount',
  `base_shipping_discount_amount` decimal(12,4) DEFAULT NULL COMMENT 'Base Shipping Discount Amount',
  `subtotal_incl_tax` decimal(12,4) DEFAULT NULL COMMENT 'Subtotal Incl Tax',
  `base_subtotal_total_incl_tax` decimal(12,4) DEFAULT NULL COMMENT 'Base Subtotal Total Incl Tax',
  `hidden_tax_amount` decimal(12,4) DEFAULT NULL COMMENT 'Hidden Tax Amount',
  `base_hidden_tax_amount` decimal(12,4) DEFAULT NULL COMMENT 'Base Hidden Tax Amount',
  `shipping_hidden_tax_amount` decimal(12,4) DEFAULT NULL COMMENT 'Shipping Hidden Tax Amount',
  `base_shipping_hidden_tax_amnt` decimal(12,4) DEFAULT NULL COMMENT 'Base Shipping Hidden Tax Amount',
  `shipping_incl_tax` decimal(12,4) DEFAULT NULL COMMENT 'Shipping Incl Tax',
  `base_shipping_incl_tax` decimal(12,4) DEFAULT NULL COMMENT 'Base Shipping Incl Tax',
  `vat_id` text COMMENT 'Vat Id',
  `vat_is_valid` smallint(6) DEFAULT NULL COMMENT 'Vat Is Valid',
  `vat_request_id` text COMMENT 'Vat Request Id',
  `vat_request_date` text COMMENT 'Vat Request Date',
  `vat_request_success` smallint(6) DEFAULT NULL COMMENT 'Vat Request Success',
  `gift_message_id` int(11) DEFAULT NULL COMMENT 'Gift Message Id',
  PRIMARY KEY (`address_id`),
  KEY `IDX_SALES_FLAT_QUOTE_ADDRESS_QUOTE_ID` (`quote_id`),
  CONSTRAINT `FK_SALES_FLAT_QUOTE_ADDRESS_QUOTE_ID_SALES_FLAT_QUOTE_ENTITY_ID` FOREIGN KEY (`quote_id`) REFERENCES `sales_flat_quote` (`entity_id`) ON DELETE CASCADE ON UPDATE CASCADE
) ENGINE=InnoDB DEFAULT CHARSET=utf8 COMMENT='Sales Flat Quote Address';

INSERT INTO `sales_flat_quote_address` (`address_id`, `quote_id`, `created_at`, `updated_at`, `customer_id`, `save_in_address_book`, `customer_address_id`, `address_type`, `email`, `prefix`, `firstname`, `middlename`, `lastname`, `suffix`, `company`, `street`, `city`, `region`, `region_id`, `postcode`, `country_id`, `telephone`, `fax`, `same_as_billing`, `free_shipping`, `collect_shipping_rates`, `shipping_method`, `shipping_description`, `weight`, `subtotal`, `base_subtotal`, `subtotal_with_discount`, `base_subtotal_with_discount`, `tax_amount`, `base_tax_amount`, `shipping_amount`, `base_shipping_amount`, `shipping_tax_amount`, `base_shipping_tax_amount`, `discount_amount`, `base_discount_amount`, `grand_total`, `base_grand_total`, `customer_notes`, `applied_taxes`, `discount_description`, `shipping_discount_amount`, `base_shipping_discount_amount`, `subtotal_incl_tax`, `base_subtotal_total_incl_tax`, `hidden_tax_amount`, `base_hidden_tax_amount`, `shipping_hidden_tax_amount`, `base_shipping_hidden_tax_amnt`, `shipping_incl_tax`, `base_shipping_incl_tax`, `vat_id`, `vat_is_valid`, `vat_request_id`, `vat_request_date`, `vat_request_success`, `gift_message_id`) VALUES
(1,	1,	'2013-10-27 22:30:43',	'2013-10-27 22:30:47',	1,	0,	1,	'billing',	'jeremybass@cableone.net',	NULL,	'Jeremy',	'L',	'Bass',	'1515 21st ave',	NULL,	'1515 21st ave',	'Lewiston',	'Idaho',	22,	'83501',	'US',	'208-305-7407',	NULL,	0,	0,	0,	NULL,	NULL,	0.0000,	0.0000,	0.0000,	0.0000,	0.0000,	0.0000,	0.0000,	0.0000,	0.0000,	0.0000,	0.0000,	0.0000,	0.0000,	0.0000,	0.0000,	NULL,	'a:0:{}',	NULL,	NULL,	NULL,	0.0000,	NULL,	NULL,	NULL,	NULL,	NULL,	0.0000,	0.0000,	NULL,	NULL,	NULL,	NULL,	NULL,	NULL),
(2,	1,	'2013-10-27 22:30:43',	'2013-10-27 22:30:47',	1,	0,	1,	'shipping',	'jeremybass@cableone.net',	NULL,	'Jeremy',	'L',	'Bass',	'1515 21st ave',	NULL,	'1515 21st ave',	'Lewiston',	'Idaho',	22,	'83501',	'US',	'208-305-7407',	NULL,	1,	0,	0,	NULL,	NULL,	0.0000,	0.0000,	0.0000,	0.0000,	0.0000,	0.0000,	0.0000,	0.0000,	0.0000,	0.0000,	0.0000,	0.0000,	0.0000,	0.0000,	0.0000,	NULL,	'a:0:{}',	NULL,	NULL,	NULL,	0.0000,	NULL,	NULL,	NULL,	NULL,	NULL,	0.0000,	0.0000,	NULL,	NULL,	NULL,	NULL,	NULL,	NULL),
(3,	2,	'2013-10-27 22:33:48',	'2013-10-27 22:33:52',	1,	0,	1,	'billing',	'jeremybass@cableone.net',	NULL,	'Jeremy',	'L',	'Bass',	'1515 21st ave',	NULL,	'1515 21st ave',	'Lewiston',	'Idaho',	22,	'83501',	'US',	'208-305-7407',	NULL,	0,	0,	0,	NULL,	NULL,	0.0000,	0.0000,	0.0000,	0.0000,	0.0000,	0.0000,	0.0000,	0.0000,	0.0000,	0.0000,	0.0000,	0.0000,	0.0000,	0.0000,	0.0000,	NULL,	'a:0:{}',	NULL,	NULL,	NULL,	0.0000,	NULL,	NULL,	NULL,	NULL,	NULL,	0.0000,	0.0000,	NULL,	NULL,	NULL,	NULL,	NULL,	NULL),
(4,	2,	'2013-10-27 22:33:48',	'2013-10-27 22:33:52',	1,	0,	1,	'shipping',	'jeremybass@cableone.net',	NULL,	'Jeremy',	'L',	'Bass',	'1515 21st ave',	NULL,	'1515 21st ave',	'Lewiston',	'Idaho',	22,	'83501',	'US',	'208-305-7407',	NULL,	1,	0,	0,	NULL,	NULL,	0.0000,	0.0000,	0.0000,	0.0000,	0.0000,	0.0000,	0.0000,	0.0000,	0.0000,	0.0000,	0.0000,	0.0000,	0.0000,	0.0000,	0.0000,	NULL,	'a:0:{}',	NULL,	NULL,	NULL,	0.0000,	NULL,	NULL,	NULL,	NULL,	NULL,	0.0000,	0.0000,	NULL,	NULL,	NULL,	NULL,	NULL,	NULL),
(5,	3,	'2013-10-27 22:39:21',	'2013-10-27 22:39:21',	1,	0,	1,	'billing',	'jeremybass@cableone.net',	NULL,	'Jeremy',	'L',	'Bass',	'1515 21st ave',	NULL,	'1515 21st ave',	'Lewiston',	'Idaho',	22,	'83501',	'US',	'208-305-7407',	NULL,	0,	0,	0,	NULL,	NULL,	0.0000,	0.0000,	0.0000,	0.0000,	0.0000,	0.0000,	0.0000,	0.0000,	0.0000,	NULL,	NULL,	0.0000,	0.0000,	0.0000,	0.0000,	NULL,	NULL,	NULL,	NULL,	NULL,	NULL,	NULL,	NULL,	NULL,	NULL,	NULL,	NULL,	NULL,	NULL,	NULL,	NULL,	NULL,	NULL,	NULL),
(6,	3,	'2013-10-27 22:39:21',	'2013-10-27 22:39:21',	1,	0,	1,	'shipping',	'jeremybass@cableone.net',	NULL,	'Jeremy',	'L',	'Bass',	'1515 21st ave',	NULL,	'1515 21st ave',	'Lewiston',	'Idaho',	22,	'83501',	'US',	'208-305-7407',	NULL,	1,	0,	0,	NULL,	NULL,	0.0000,	0.0000,	0.0000,	0.0000,	0.0000,	0.0000,	0.0000,	0.0000,	0.0000,	NULL,	NULL,	0.0000,	0.0000,	0.0000,	0.0000,	NULL,	NULL,	NULL,	NULL,	NULL,	NULL,	NULL,	NULL,	NULL,	NULL,	NULL,	NULL,	NULL,	NULL,	NULL,	NULL,	NULL,	NULL,	NULL),
(7,	4,	'2013-10-27 22:39:36',	'2013-10-27 22:39:36',	1,	0,	1,	'billing',	'jeremybass@cableone.net',	NULL,	'Jeremy',	'L',	'Bass',	'1515 21st ave',	NULL,	'1515 21st ave',	'Lewiston',	'Idaho',	22,	'83501',	'US',	'208-305-7407',	NULL,	0,	0,	0,	NULL,	NULL,	0.0000,	0.0000,	0.0000,	0.0000,	0.0000,	0.0000,	0.0000,	0.0000,	0.0000,	NULL,	NULL,	0.0000,	0.0000,	0.0000,	0.0000,	NULL,	NULL,	NULL,	NULL,	NULL,	NULL,	NULL,	NULL,	NULL,	NULL,	NULL,	NULL,	NULL,	NULL,	NULL,	NULL,	NULL,	NULL,	NULL),
(8,	4,	'2013-10-27 22:39:36',	'2013-10-27 22:39:36',	1,	0,	1,	'shipping',	'jeremybass@cableone.net',	NULL,	'Jeremy',	'L',	'Bass',	'1515 21st ave',	NULL,	'1515 21st ave',	'Lewiston',	'Idaho',	22,	'83501',	'US',	'208-305-7407',	NULL,	1,	0,	0,	NULL,	NULL,	0.0000,	0.0000,	0.0000,	0.0000,	0.0000,	0.0000,	0.0000,	0.0000,	0.0000,	NULL,	NULL,	0.0000,	0.0000,	0.0000,	0.0000,	NULL,	NULL,	NULL,	NULL,	NULL,	NULL,	NULL,	NULL,	NULL,	NULL,	NULL,	NULL,	NULL,	NULL,	NULL,	NULL,	NULL,	NULL,	NULL),
(9,	5,	'2013-10-27 22:39:50',	'2013-10-27 22:51:05',	1,	0,	1,	'billing',	'jeremybass@cableone.net',	NULL,	'Jeremy',	'L',	'Bass',	'1515 21st ave',	NULL,	'1515 21st ave',	'Lewiston',	'Idaho',	22,	'83501',	'US',	'208-305-7407',	NULL,	0,	0,	0,	NULL,	NULL,	0.0000,	0.0000,	0.0000,	0.0000,	0.0000,	0.0000,	0.0000,	0.0000,	0.0000,	0.0000,	0.0000,	0.0000,	0.0000,	0.0000,	0.0000,	NULL,	'a:0:{}',	NULL,	NULL,	NULL,	0.0000,	NULL,	NULL,	NULL,	NULL,	NULL,	0.0000,	0.0000,	NULL,	NULL,	NULL,	NULL,	NULL,	NULL),
(10,	5,	'2013-10-27 22:39:50',	'2013-10-27 22:51:05',	1,	0,	1,	'shipping',	'jeremybass@cableone.net',	NULL,	'Jeremy',	'L',	'Bass',	'1515 21st ave',	NULL,	'1515 21st ave',	'Lewiston',	'Idaho',	22,	'83501',	'US',	'208-305-7407',	NULL,	0,	0,	0,	'flatrate_flatrate',	'Flat Rate - Fixed',	12.0000,	12.0000,	12.0000,	0.0000,	0.0000,	0.0000,	0.0000,	5.0000,	5.0000,	0.0000,	0.0000,	0.0000,	0.0000,	17.0000,	17.0000,	NULL,	'a:0:{}',	NULL,	0.0000,	0.0000,	12.0000,	NULL,	0.0000,	0.0000,	0.0000,	NULL,	5.0000,	5.0000,	NULL,	NULL,	NULL,	NULL,	NULL,	NULL);

DROP TABLE IF EXISTS `sales_flat_quote_item`;
CREATE TABLE `sales_flat_quote_item` (
  `item_id` int(10) unsigned NOT NULL AUTO_INCREMENT COMMENT 'Item Id',
  `quote_id` int(10) unsigned NOT NULL DEFAULT '0' COMMENT 'Quote Id',
  `created_at` timestamp NOT NULL DEFAULT CURRENT_TIMESTAMP ON UPDATE CURRENT_TIMESTAMP COMMENT 'Created At',
  `updated_at` timestamp NOT NULL DEFAULT '0000-00-00 00:00:00' COMMENT 'Updated At',
  `product_id` int(10) unsigned DEFAULT NULL COMMENT 'Product Id',
  `store_id` smallint(5) unsigned DEFAULT NULL COMMENT 'Store Id',
  `parent_item_id` int(10) unsigned DEFAULT NULL COMMENT 'Parent Item Id',
  `is_virtual` smallint(5) unsigned DEFAULT NULL COMMENT 'Is Virtual',
  `sku` varchar(255) DEFAULT NULL COMMENT 'Sku',
  `name` varchar(255) DEFAULT NULL COMMENT 'Name',
  `description` text COMMENT 'Description',
  `applied_rule_ids` text COMMENT 'Applied Rule Ids',
  `additional_data` text COMMENT 'Additional Data',
  `free_shipping` smallint(5) unsigned NOT NULL DEFAULT '0' COMMENT 'Free Shipping',
  `is_qty_decimal` smallint(5) unsigned DEFAULT NULL COMMENT 'Is Qty Decimal',
  `no_discount` smallint(5) unsigned DEFAULT '0' COMMENT 'No Discount',
  `weight` decimal(12,4) DEFAULT '0.0000' COMMENT 'Weight',
  `qty` decimal(12,4) NOT NULL DEFAULT '0.0000' COMMENT 'Qty',
  `price` decimal(12,4) NOT NULL DEFAULT '0.0000' COMMENT 'Price',
  `base_price` decimal(12,4) NOT NULL DEFAULT '0.0000' COMMENT 'Base Price',
  `custom_price` decimal(12,4) DEFAULT NULL COMMENT 'Custom Price',
  `discount_percent` decimal(12,4) DEFAULT '0.0000' COMMENT 'Discount Percent',
  `discount_amount` decimal(12,4) DEFAULT '0.0000' COMMENT 'Discount Amount',
  `base_discount_amount` decimal(12,4) DEFAULT '0.0000' COMMENT 'Base Discount Amount',
  `tax_percent` decimal(12,4) DEFAULT '0.0000' COMMENT 'Tax Percent',
  `tax_amount` decimal(12,4) DEFAULT '0.0000' COMMENT 'Tax Amount',
  `base_tax_amount` decimal(12,4) DEFAULT '0.0000' COMMENT 'Base Tax Amount',
  `row_total` decimal(12,4) NOT NULL DEFAULT '0.0000' COMMENT 'Row Total',
  `base_row_total` decimal(12,4) NOT NULL DEFAULT '0.0000' COMMENT 'Base Row Total',
  `row_total_with_discount` decimal(12,4) DEFAULT '0.0000' COMMENT 'Row Total With Discount',
  `row_weight` decimal(12,4) DEFAULT '0.0000' COMMENT 'Row Weight',
  `product_type` varchar(255) DEFAULT NULL COMMENT 'Product Type',
  `base_tax_before_discount` decimal(12,4) DEFAULT NULL COMMENT 'Base Tax Before Discount',
  `tax_before_discount` decimal(12,4) DEFAULT NULL COMMENT 'Tax Before Discount',
  `original_custom_price` decimal(12,4) DEFAULT NULL COMMENT 'Original Custom Price',
  `redirect_url` varchar(255) DEFAULT NULL COMMENT 'Redirect Url',
  `base_cost` decimal(12,4) DEFAULT NULL COMMENT 'Base Cost',
  `price_incl_tax` decimal(12,4) DEFAULT NULL COMMENT 'Price Incl Tax',
  `base_price_incl_tax` decimal(12,4) DEFAULT NULL COMMENT 'Base Price Incl Tax',
  `row_total_incl_tax` decimal(12,4) DEFAULT NULL COMMENT 'Row Total Incl Tax',
  `base_row_total_incl_tax` decimal(12,4) DEFAULT NULL COMMENT 'Base Row Total Incl Tax',
  `hidden_tax_amount` decimal(12,4) DEFAULT NULL COMMENT 'Hidden Tax Amount',
  `base_hidden_tax_amount` decimal(12,4) DEFAULT NULL COMMENT 'Base Hidden Tax Amount',
  `gift_message_id` int(11) DEFAULT NULL COMMENT 'Gift Message Id',
  `weee_tax_disposition` decimal(12,4) DEFAULT NULL COMMENT 'Weee Tax Disposition',
  `weee_tax_row_disposition` decimal(12,4) DEFAULT NULL COMMENT 'Weee Tax Row Disposition',
  `base_weee_tax_disposition` decimal(12,4) DEFAULT NULL COMMENT 'Base Weee Tax Disposition',
  `base_weee_tax_row_disposition` decimal(12,4) DEFAULT NULL COMMENT 'Base Weee Tax Row Disposition',
  `weee_tax_applied` text COMMENT 'Weee Tax Applied',
  `weee_tax_applied_amount` decimal(12,4) DEFAULT NULL COMMENT 'Weee Tax Applied Amount',
  `weee_tax_applied_row_amount` decimal(12,4) DEFAULT NULL COMMENT 'Weee Tax Applied Row Amount',
  `base_weee_tax_applied_amount` decimal(12,4) DEFAULT NULL COMMENT 'Base Weee Tax Applied Amount',
  `base_weee_tax_applied_row_amnt` decimal(12,4) DEFAULT NULL COMMENT 'Base Weee Tax Applied Row Amnt',
  PRIMARY KEY (`item_id`),
  KEY `IDX_SALES_FLAT_QUOTE_ITEM_PARENT_ITEM_ID` (`parent_item_id`),
  KEY `IDX_SALES_FLAT_QUOTE_ITEM_PRODUCT_ID` (`product_id`),
  KEY `IDX_SALES_FLAT_QUOTE_ITEM_QUOTE_ID` (`quote_id`),
  KEY `IDX_SALES_FLAT_QUOTE_ITEM_STORE_ID` (`store_id`),
  CONSTRAINT `FK_B201DEB5DE51B791AF5C5BF87053C5A7` FOREIGN KEY (`parent_item_id`) REFERENCES `sales_flat_quote_item` (`item_id`) ON DELETE CASCADE ON UPDATE CASCADE,
  CONSTRAINT `FK_SALES_FLAT_QUOTE_ITEM_PRD_ID_CAT_PRD_ENTT_ENTT_ID` FOREIGN KEY (`product_id`) REFERENCES `catalog_product_entity` (`entity_id`) ON DELETE CASCADE ON UPDATE CASCADE,
  CONSTRAINT `FK_SALES_FLAT_QUOTE_ITEM_QUOTE_ID_SALES_FLAT_QUOTE_ENTITY_ID` FOREIGN KEY (`quote_id`) REFERENCES `sales_flat_quote` (`entity_id`) ON DELETE CASCADE ON UPDATE CASCADE,
  CONSTRAINT `FK_SALES_FLAT_QUOTE_ITEM_STORE_ID_CORE_STORE_STORE_ID` FOREIGN KEY (`store_id`) REFERENCES `core_store` (`store_id`) ON DELETE SET NULL ON UPDATE CASCADE
) ENGINE=InnoDB DEFAULT CHARSET=utf8 COMMENT='Sales Flat Quote Item';

INSERT INTO `sales_flat_quote_item` (`item_id`, `quote_id`, `created_at`, `updated_at`, `product_id`, `store_id`, `parent_item_id`, `is_virtual`, `sku`, `name`, `description`, `applied_rule_ids`, `additional_data`, `free_shipping`, `is_qty_decimal`, `no_discount`, `weight`, `qty`, `price`, `base_price`, `custom_price`, `discount_percent`, `discount_amount`, `base_discount_amount`, `tax_percent`, `tax_amount`, `base_tax_amount`, `row_total`, `base_row_total`, `row_total_with_discount`, `row_weight`, `product_type`, `base_tax_before_discount`, `tax_before_discount`, `original_custom_price`, `redirect_url`, `base_cost`, `price_incl_tax`, `base_price_incl_tax`, `row_total_incl_tax`, `base_row_total_incl_tax`, `hidden_tax_amount`, `base_hidden_tax_amount`, `gift_message_id`, `weee_tax_disposition`, `weee_tax_row_disposition`, `base_weee_tax_disposition`, `base_weee_tax_row_disposition`, `weee_tax_applied`, `weee_tax_applied_amount`, `weee_tax_applied_row_amount`, `base_weee_tax_applied_amount`, `base_weee_tax_applied_row_amnt`) VALUES
(1,	5,	'2013-10-27 22:40:41',	'2013-10-27 22:40:41',	1,	1,	NULL,	0,	'test',	'test',	NULL,	NULL,	NULL,	0,	0,	0,	12.0000,	1.0000,	12.0000,	12.0000,	NULL,	0.0000,	0.0000,	0.0000,	0.0000,	0.0000,	0.0000,	12.0000,	12.0000,	0.0000,	12.0000,	'simple',	NULL,	NULL,	NULL,	NULL,	NULL,	12.0000,	12.0000,	12.0000,	12.0000,	NULL,	NULL,	NULL,	0.0000,	0.0000,	0.0000,	0.0000,	'a:0:{}',	0.0000,	0.0000,	0.0000,	NULL);

DROP TABLE IF EXISTS `sales_flat_quote_item_option`;
CREATE TABLE `sales_flat_quote_item_option` (
  `option_id` int(10) unsigned NOT NULL AUTO_INCREMENT COMMENT 'Option Id',
  `item_id` int(10) unsigned NOT NULL COMMENT 'Item Id',
  `product_id` int(10) unsigned NOT NULL COMMENT 'Product Id',
  `code` varchar(255) NOT NULL COMMENT 'Code',
  `value` text COMMENT 'Value',
  PRIMARY KEY (`option_id`),
  KEY `IDX_SALES_FLAT_QUOTE_ITEM_OPTION_ITEM_ID` (`item_id`),
  CONSTRAINT `FK_5F20E478CA64B6891EA8A9D6C2735739` FOREIGN KEY (`item_id`) REFERENCES `sales_flat_quote_item` (`item_id`) ON DELETE CASCADE ON UPDATE CASCADE
) ENGINE=InnoDB DEFAULT CHARSET=utf8 COMMENT='Sales Flat Quote Item Option';

INSERT INTO `sales_flat_quote_item_option` (`option_id`, `item_id`, `product_id`, `code`, `value`) VALUES
(1,	1,	1,	'info_buyRequest',	'a:1:{s:3:\"qty\";i:1;}');

DROP TABLE IF EXISTS `sales_flat_quote_payment`;
CREATE TABLE `sales_flat_quote_payment` (
  `payment_id` int(10) unsigned NOT NULL AUTO_INCREMENT COMMENT 'Payment Id',
  `quote_id` int(10) unsigned NOT NULL DEFAULT '0' COMMENT 'Quote Id',
  `created_at` timestamp NOT NULL DEFAULT CURRENT_TIMESTAMP ON UPDATE CURRENT_TIMESTAMP COMMENT 'Created At',
  `updated_at` timestamp NOT NULL DEFAULT '0000-00-00 00:00:00' COMMENT 'Updated At',
  `method` varchar(255) DEFAULT NULL COMMENT 'Method',
  `cc_type` varchar(255) DEFAULT NULL COMMENT 'Cc Type',
  `cc_number_enc` varchar(255) DEFAULT NULL COMMENT 'Cc Number Enc',
  `cc_last4` varchar(255) DEFAULT NULL COMMENT 'Cc Last4',
  `cc_cid_enc` varchar(255) DEFAULT NULL COMMENT 'Cc Cid Enc',
  `cc_owner` varchar(255) DEFAULT NULL COMMENT 'Cc Owner',
  `cc_exp_month` smallint(5) unsigned DEFAULT '0' COMMENT 'Cc Exp Month',
  `cc_exp_year` smallint(5) unsigned DEFAULT '0' COMMENT 'Cc Exp Year',
  `cc_ss_owner` varchar(255) DEFAULT NULL COMMENT 'Cc Ss Owner',
  `cc_ss_start_month` smallint(5) unsigned DEFAULT '0' COMMENT 'Cc Ss Start Month',
  `cc_ss_start_year` smallint(5) unsigned DEFAULT '0' COMMENT 'Cc Ss Start Year',
  `po_number` varchar(255) DEFAULT NULL COMMENT 'Po Number',
  `additional_data` text COMMENT 'Additional Data',
  `cc_ss_issue` varchar(255) DEFAULT NULL COMMENT 'Cc Ss Issue',
  `additional_information` text COMMENT 'Additional Information',
  `paypal_payer_id` varchar(255) DEFAULT NULL COMMENT 'Paypal Payer Id',
  `paypal_payer_status` varchar(255) DEFAULT NULL COMMENT 'Paypal Payer Status',
  `paypal_correlation_id` varchar(255) DEFAULT NULL COMMENT 'Paypal Correlation Id',
  PRIMARY KEY (`payment_id`),
  KEY `IDX_SALES_FLAT_QUOTE_PAYMENT_QUOTE_ID` (`quote_id`),
  CONSTRAINT `FK_SALES_FLAT_QUOTE_PAYMENT_QUOTE_ID_SALES_FLAT_QUOTE_ENTITY_ID` FOREIGN KEY (`quote_id`) REFERENCES `sales_flat_quote` (`entity_id`) ON DELETE CASCADE ON UPDATE CASCADE
) ENGINE=InnoDB DEFAULT CHARSET=utf8 COMMENT='Sales Flat Quote Payment';

INSERT INTO `sales_flat_quote_payment` (`payment_id`, `quote_id`, `created_at`, `updated_at`, `method`, `cc_type`, `cc_number_enc`, `cc_last4`, `cc_cid_enc`, `cc_owner`, `cc_exp_month`, `cc_exp_year`, `cc_ss_owner`, `cc_ss_start_month`, `cc_ss_start_year`, `po_number`, `additional_data`, `cc_ss_issue`, `additional_information`, `paypal_payer_id`, `paypal_payer_status`, `paypal_correlation_id`) VALUES
(1,	1,	'2013-10-27 22:30:44',	'2013-10-27 22:30:47',	'free',	NULL,	NULL,	NULL,	NULL,	NULL,	0,	0,	NULL,	0,	0,	NULL,	NULL,	NULL,	NULL,	NULL,	NULL,	NULL),
(2,	2,	'2013-10-27 22:33:49',	'2013-10-27 22:33:52',	'free',	NULL,	NULL,	NULL,	NULL,	NULL,	0,	0,	NULL,	0,	0,	NULL,	NULL,	NULL,	NULL,	NULL,	NULL,	NULL),
(3,	5,	'2013-10-27 22:40:41',	'2013-10-27 22:51:05',	'checkmo',	NULL,	NULL,	NULL,	NULL,	NULL,	0,	0,	NULL,	0,	0,	NULL,	NULL,	NULL,	NULL,	NULL,	NULL,	NULL);

DROP TABLE IF EXISTS `sales_flat_quote_shipping_rate`;
CREATE TABLE `sales_flat_quote_shipping_rate` (
  `rate_id` int(10) unsigned NOT NULL AUTO_INCREMENT COMMENT 'Rate Id',
  `address_id` int(10) unsigned NOT NULL DEFAULT '0' COMMENT 'Address Id',
  `created_at` timestamp NOT NULL DEFAULT CURRENT_TIMESTAMP ON UPDATE CURRENT_TIMESTAMP COMMENT 'Created At',
  `updated_at` timestamp NOT NULL DEFAULT '0000-00-00 00:00:00' COMMENT 'Updated At',
  `carrier` varchar(255) DEFAULT NULL COMMENT 'Carrier',
  `carrier_title` varchar(255) DEFAULT NULL COMMENT 'Carrier Title',
  `code` varchar(255) DEFAULT NULL COMMENT 'Code',
  `method` varchar(255) DEFAULT NULL COMMENT 'Method',
  `method_description` text COMMENT 'Method Description',
  `price` decimal(12,4) NOT NULL DEFAULT '0.0000' COMMENT 'Price',
  `error_message` text COMMENT 'Error Message',
  `method_title` text COMMENT 'Method Title',
  PRIMARY KEY (`rate_id`),
  KEY `IDX_SALES_FLAT_QUOTE_SHIPPING_RATE_ADDRESS_ID` (`address_id`),
  CONSTRAINT `FK_B1F177EFB73D3EDF5322BA64AC48D150` FOREIGN KEY (`address_id`) REFERENCES `sales_flat_quote_address` (`address_id`) ON DELETE CASCADE ON UPDATE CASCADE
) ENGINE=InnoDB DEFAULT CHARSET=utf8 COMMENT='Sales Flat Quote Shipping Rate';

INSERT INTO `sales_flat_quote_shipping_rate` (`rate_id`, `address_id`, `created_at`, `updated_at`, `carrier`, `carrier_title`, `code`, `method`, `method_description`, `price`, `error_message`, `method_title`) VALUES
(1,	10,	'2013-10-27 22:49:24',	'2013-10-27 22:51:01',	'flatrate',	'Flat Rate',	'flatrate_flatrate',	'flatrate',	NULL,	5.0000,	NULL,	'Fixed');

INSERT INTO `wishlist` (`wishlist_id`, `customer_id`, `shared`, `sharing_code`, `updated_at`) VALUES
(1,	1,	0,	'ab15d835aafe338339ac9e4d0482ada4',	'2013-10-27 22:39:36');
